,Unnamed: 0,id,productId,skuDisplayName,productSeoUrl,productRatings,weighable,freeShippingItem,skuPrice,bigItem,onDemand,bundle,preOrderable,pickUpEnabled,specialEventName,specialEventImage,brandName,averageWeight,variantGroupId,variants,imageUrls.small,imageUrls.large,imageUrls,Unnamed: 0.14,Unnamed: 0.13,Unnamed: 0.12,Unnamed: 0.11,Unnamed: 0.10,Unnamed: 0.9,Unnamed: 0.8,Unnamed: 0.7,Unnamed: 0.6,Unnamed: 0.5,Unnamed: 0.4,Unnamed: 0.3,Unnamed: 0.2,Unnamed: 0.1
0,0,750300585163,750300585163,Detergente para ropa Herbolare ecológico biodegradable,/cuidado-de-la-ropa/proceso-de-lavado/detergentes-para-ropa/detergente-para-ropa-herbolare-ecologico-biodegradable_00750300585163,0,False,No Free Shipping,468.0,True,False,False,False,False,,,Herbolare,,,[],/gm/1p/images/product-images/img_small/00750300585163s.jpg,/gm/1p/images/product-images/img_large/00750300585163l.jpg,,,,,,,,,,,,,,,
1,1,750045900010,750045900010,Persil Gel Universal Detergente Líquido Para Ropa 10 L Henkel L1-CP8V-REDH,/cocina-y-hogar/otros-productos-hogar/otros-productos-hogar/persil-gel-universal-detergente-liquido-para-ropa-10-l-henkel-l1-cp8v-redh_00750045900010,0,False,No Free Shipping,631.0,False,False,False,False,False,,,Henkel,,1CBST7UECYQH,[],/gm/3pp/asr/7bb908c4-a492-414e-b328-ecf04685e923.f1da2ed010aabb9b6969346bd811ec40.jpeg?odnHeight=180&odnWidth=180&odnBg=ffffff,/gm/3pp/asr/7bb908c4-a492-414e-b328-ecf04685e923.f1da2ed010aabb9b6969346bd811ec40.jpeg?odnHeight=2000&odnWidth=2000&odnBg=ffffff,,,,,,,,,,,,,,,
2,2,68238433942,68238433942,"Contenedor de detergente para ropa, caja de arroz de cereal Caja de almacenamiento de alimentos tran Baoblaze Contenedor de detergente para ropa",/cuidado-de-la-ropa/proceso-de-lavado/detergentes-para-ropa/contenedor-de-detergente-para-ropa-caja-de-arroz-de-cereal-caja-de-almacenamiento-de-alimentos-tran-baoblaze-contenedor-de-detergente-para-ropa_00068238433942,0,False,No Free Shipping,453.27,False,False,False,False,False,,,Baoblaze,,,[],/gm/3pp/asr/7c527011-f90b-483f-bb04-58f00869886c.5841c80c7422a6f423bb59ad12651243.jpeg?odnHeight=180&odnWidth=180&odnBg=ffffff,/gm/3pp/asr/7c527011-f90b-483f-bb04-58f00869886c.5841c80c7422a6f423bb59ad12651243.jpeg?odnHeight=2000&odnWidth=2000&odnBg=ffffff,,,,,,,,,,,,,,,
3,3,68238433943,68238433943,"Contenedor de detergente para ropa, caja de arroz de cereal Caja de almacenamiento de alimentos tran Baoblaze Contenedor de detergente para ropa",/cuidado-de-la-ropa/proceso-de-lavado/detergentes-para-ropa/contenedor-de-detergente-para-ropa-caja-de-arroz-de-cereal-caja-de-almacenamiento-de-alimentos-tran-baoblaze-contenedor-de-detergente-para-ropa_00068238433943,0,False,No Free Shipping,516.4,False,False,False,False,False,,,Baoblaze,,,[],/gm/3pp/asr/7c527011-f90b-483f-bb04-58f00869886c.5841c80c7422a6f423bb59ad12651243.jpeg?odnHeight=180&odnWidth=180&odnBg=ffffff,/gm/3pp/asr/7c527011-f90b-483f-bb04-58f00869886c.5841c80c7422a6f423bb59ad12651243.jpeg?odnHeight=2000&odnWidth=2000&odnBg=ffffff,,,,,,,,,,,,,,,
4,4,7156043667,7156043667,Champú de detergente para ropa reutilizable de caja de almacenamiento de contenedor de de vandería Zulema Botella de detergente,/cuidado-de-la-ropa/proceso-de-lavado/detergentes-para-ropa/champu-de-detergente-para-ropa-reutilizable-de-caja-de-almacenamiento-de-contenedor-de-de-vanderia-zulema-botella-de-detergente_00007156043667,0,False,No Free Shipping,258.28,False,False,False,False,False,,,Zulema,,,[],/gm/3pp/asr/365f762c-be36-4a90-8016-cecfb882d63b.cce70c9b8b7c3c4d88dba9204bee90b0.jpeg?odnHeight=180&odnWidth=180&odnBg=ffffff,/gm/3pp/asr/365f762c-be36-4a90-8016-cecfb882d63b.cce70c9b8b7c3c4d88dba9204bee90b0.jpeg?odnHeight=2000&odnWidth=2000&odnBg=ffffff,,,,,,,,,,,,,,,
5,5,75579203486,75579203486,Lámpara de fotografía Andoer LY-01 RGB Luz de relleno LED Fotografía Luz de video Multifuncional Sup Andoer Lámpara de fotografía,/cuidado-de-la-ropa/proceso-de-lavado/detergentes-para-ropa/lampara-de-fotografia-andoer-ly-01-rgb-luz-de-relleno-led-fotografia-luz-de-video-multifuncional-sup-andoer-lampara-de-fotografia_00075579203486,0,False,No Free Shipping,433.99,False,False,False,False,False,,,Andoer,,7EDMJ8ZJHQDK,"[{'displayText': None, 'id': 'bc96ff20-0859-46ef-8d3b-80640a558894', 'price': None, 'smallImage': None, 'swatch': None, 'url': None}, {'displayText': None, 'id': '51b59f8f-1574-49a2-afa4-63cee260999d', 'price': None, 'smallImage': None, 'swatch': None, 'url': None}]",/gm/3pp/asr/a55f517c-1f14-47e9-a61a-9af1d626f7f9.d6ceb08a6f9d7d3c5b64d033d25a64c7.jpeg?odnHeight=180&odnWidth=180&odnBg=ffffff,/gm/3pp/asr/a55f517c-1f14-47e9-a61a-9af1d626f7f9.d6ceb08a6f9d7d3c5b64d033d25a64c7.jpeg?odnHeight=2000&odnWidth=2000&odnBg=ffffff,,,,,,,,,,,,,,,
6,6,77484828098,77484828098,Detergente para manchas de sangre Ropa Transpiración Manchas de frutas Ropa interior Detergente para yeacher Detergente para manchas de sangre,/cuidado-de-la-ropa/proceso-de-lavado/detergentes-para-ropa/detergente-para-manchas-de-sangre-ropa-transpiracion-manchas-de-frutas-ropa-interior-detergente-para-yeacher-detergente-para-manchas-de-sangre_00077484828098,0,False,No Free Shipping,161.65,False,False,False,False,False,,,yeacher,,,[],/gm/3pp/asr/22118b9e-e269-4c69-857a-c6ff951c2c23.cde04f0d08c580bdbd905bec02939747.jpeg?odnHeight=180&odnWidth=180&odnBg=ffffff,/gm/3pp/asr/22118b9e-e269-4c69-857a-c6ff951c2c23.cde04f0d08c580bdbd905bec02939747.jpeg?odnHeight=2000&odnWidth=2000&odnBg=ffffff,,,,,,,,,,,,,,,
7,7,71589949686,71589949686,Contenedor de detergente para ropa Caja de lata de almacenamiento de polvo de detergente para Conten Magideal Contenedor de detergente para ropa,/cuidado-de-la-ropa/proceso-de-lavado/detergentes-para-ropa/contenedor-de-detergente-para-ropa-caja-de-lata-de-almacenamiento-de-polvo-de-detergente-para-conten-magideal-contenedor-de-detergente-para-ropa_00071589949686,0,False,No Free Shipping,843.4,False,False,False,False,False,,,Magideal,,,[],/gm/3pp/asr/c2374b62-9441-4876-9da4-eec89308ea1b.5c6ed5b936b629783a02e44a70cf1d16.jpeg?odnHeight=180&odnWidth=180&odnBg=ffffff,/gm/3pp/asr/c2374b62-9441-4876-9da4-eec89308ea1b.5c6ed5b936b629783a02e44a70cf1d16.jpeg?odnHeight=2000&odnWidth=2000&odnBg=ffffff,,,,,,,,,,,,,,,
8,8,561339113606,561339113606,Detergente Para Ropa 60 UNIDS 8g Cápsula De Perlas De Lavandería Limpiador De Disolución Lavandería ANGGREK Perla de lavandería,/cuidado-de-la-ropa/proceso-de-lavado/detergentes-para-ropa/detergente-para-ropa-60-unids-8g-capsula-de-perlas-de-lavanderia-limpiador-de-disolucion-lavanderia-anggrek-perla-de-lavanderia_00561339113606,0,False,No Free Shipping,432.03,False,False,False,False,False,,,ANGGREK,,,[],/gm/3pp/asr/595d374c-25c5-47d1-8d50-0d3e0ea06eb3.f9e66dff3594acd00086b5841b30bd64.jpeg?odnHeight=180&odnWidth=180&odnBg=ffffff,/gm/3pp/asr/595d374c-25c5-47d1-8d50-0d3e0ea06eb3.f9e66dff3594acd00086b5841b30bd64.jpeg?odnHeight=2000&odnWidth=2000&odnBg=ffffff,,,,,,,,,,,,,,,
9,9,908704015038,908704015038,"Soporte para vasos de detergente para ropa, colector de goteo de detergente, cuarto de lavado ordena JAMW Sencillez",/cuidado-de-la-ropa/proceso-de-lavado/detergentes-para-ropa/soporte-para-vasos-de-detergente-para-ropa-colector-de-goteo-de-detergente-cuarto-de-lavado-ordena-jamw-sencillez_00908704015038,0,False,No Free Shipping,370.8,False,False,False,False,False,,,JAMW,,,[],/gm/3pp/asr/a3159f4b-27ad-482f-8555-4d676a82e215.4f1fbc14adae3b06f8d7148d2f665eb3.jpeg?odnHeight=180&odnWidth=180&odnBg=ffffff,/gm/3pp/asr/a3159f4b-27ad-482f-8555-4d676a82e215.4f1fbc14adae3b06f8d7148d2f665eb3.jpeg?odnHeight=2000&odnWidth=2000&odnBg=ffffff,,,,,,,,,,,,,,,
10,10,645937047386,645937047386,"Detergente Para Ropa, Productos De Lavandería, 60 Uds., 8g, Cápsula De Cuentas Para Ropa, Limpiador ANGGREK Otros",/cuidado-de-la-ropa/proceso-de-lavado/detergentes-para-ropa/detergente-para-ropa-productos-de-lavanderia-60-uds-8g-capsula-de-cuentas-para-ropa-limpiador-anggrek-otros_00645937047386,0,False,No Free Shipping,434.59,False,False,False,False,False,,,ANGGREK,,,[],/gm/3pp/asr/08a0c896-7469-4e76-972d-b6ec7f915068.71c15b9223ee3b319ff2fa4a47856cf8.jpeg?odnHeight=180&odnWidth=180&odnBg=ffffff,/gm/3pp/asr/08a0c896-7469-4e76-972d-b6ec7f915068.71c15b9223ee3b319ff2fa4a47856cf8.jpeg?odnHeight=2000&odnWidth=2000&odnBg=ffffff,,,,,,,,,,,,,,,
11,11,73566830452,73566830452,"de Detergente para Ropa de Plástico, Contenedor de Lavado Caja de Almacenamiento de Alimentos Transp Macarena Contenedor de detergente para ropa",/cuidado-de-la-ropa/proceso-de-lavado/detergentes-para-ropa/de-detergente-para-ropa-de-plastico-contenedor-de-lavado-caja-de-almacenamiento-de-alimentos-transp-macarena-contenedor-de-detergente-para-ropa_00073566830452,0,False,No Free Shipping,461.86,False,False,False,False,False,,,Macarena,,1BWY8ZYNW67J,"[{'displayText': None, 'id': '827bf244-7195-4603-bede-c99a12866a16', 'price': None, 'smallImage': None, 'swatch': None, 'url': None}, {'displayText': None, 'id': 'bb943d1e-5dd5-458e-b50f-eaf31ffc741c', 'price': None, 'smallImage': None, 'swatch': None, 'url': None}]",/gm/3pp/asr/7c527011-f90b-483f-bb04-58f00869886c.5841c80c7422a6f423bb59ad12651243.jpeg?odnHeight=180&odnWidth=180&odnBg=ffffff,/gm/3pp/asr/7c527011-f90b-483f-bb04-58f00869886c.5841c80c7422a6f423bb59ad12651243.jpeg?odnHeight=2000&odnWidth=2000&odnBg=ffffff,,,,,,,,,,,,,,,
12,12,882989796347,882989796347,Contenedor de detergente en polvo para ropa moderno almacenamiento de polvo de detergente blanco de ANGGREK,/cuidado-de-la-ropa/proceso-de-lavado/detergentes-para-ropa/contenedor-de-detergente-en-polvo-para-ropa-moderno-almacenamiento-de-polvo-de-detergente-blanco-de-anggrek_00882989796347,0,False,No Free Shipping,346.65,False,False,False,False,False,,,ANGGREK,,,[],/gm/3pp/asr/3c0def15-ac09-478b-9a76-710e9a6276c0.4f327308d54c5553bc3dc07c8264eafe.jpeg?odnHeight=180&odnWidth=180&odnBg=ffffff,/gm/3pp/asr/3c0def15-ac09-478b-9a76-710e9a6276c0.4f327308d54c5553bc3dc07c8264eafe.jpeg?odnHeight=2000&odnWidth=2000&odnBg=ffffff,,,,,,,,,,,,,,,
13,13,648944931099,648944931099,Cápsula De Lavandería Detergente Para Ropa Cápsula De Perlas De Lavandería Limpiador De Disolución D ANGGREK Descripción de la referencia,/cuidado-de-la-ropa/proceso-de-lavado/detergentes-para-ropa/capsula-de-lavanderia-detergente-para-ropa-capsula-de-perlas-de-lavanderia-limpiador-de-disolucion-d-anggrek-descripcion-de-la-referencia_00648944931099,0,False,No Free Shipping,462.89,False,False,False,False,False,,,ANGGREK,,,[],/gm/3pp/asr/08a0c896-7469-4e76-972d-b6ec7f915068.71c15b9223ee3b319ff2fa4a47856cf8.jpeg?odnHeight=180&odnWidth=180&odnBg=ffffff,/gm/3pp/asr/08a0c896-7469-4e76-972d-b6ec7f915068.71c15b9223ee3b319ff2fa4a47856cf8.jpeg?odnHeight=2000&odnWidth=2000&odnBg=ffffff,,,,,,,,,,,,,,,
14,14,75533809837,75533809837,2x Detergentes para ropa Portavasos Accesorio sin fugas ni suciedad para lavadero Colectores de gote perfecl Porta detergente para ropa,/cuidado-de-la-ropa/proceso-de-lavado/detergentes-para-ropa/2x-detergentes-para-ropa-portavasos-accesorio-sin-fugas-ni-suciedad-para-lavadero-colectores-de-gote-perfecl-porta-detergente-para-ropa_00075533809837,0,False,No Free Shipping,266.34,False,False,False,False,False,,,perfecl,,,[],/gm/3pp/asr/72e15cfd-ebc0-4c2a-b080-1489e7edd9d6.c210d07a4c020bdc34c6521428dc7ba0.jpeg?odnHeight=180&odnWidth=180&odnBg=ffffff,/gm/3pp/asr/72e15cfd-ebc0-4c2a-b080-1489e7edd9d6.c210d07a4c020bdc34c6521428dc7ba0.jpeg?odnHeight=2000&odnWidth=2000&odnBg=ffffff,,,,,,,,,,,,,,,
15,15,689872721413,689872721413,"Cápsula De Cuentas De Detergente Para Ropa, 60 Uds., 8g, Cápsula De Cuentas Para Ropa, Limpiador De ANGGREK Amarillo",/cuidado-de-la-ropa/proceso-de-lavado/detergentes-para-ropa/capsula-de-cuentas-de-detergente-para-ropa-60-uds-8g-capsula-de-cuentas-para-ropa-limpiador-de-anggrek-amarillo_00689872721413,0,False,No Free Shipping,460.16,False,False,False,False,False,,,ANGGREK,,,[],/gm/3pp/asr/7e108eb9-0df1-4c12-85fc-e4830cb70f15.91c96490e496379aff352a2117730dab.jpeg?odnHeight=180&odnWidth=180&odnBg=ffffff,/gm/3pp/asr/7e108eb9-0df1-4c12-85fc-e4830cb70f15.91c96490e496379aff352a2117730dab.jpeg?odnHeight=2000&odnWidth=2000&odnBg=ffffff,,,,,,,,,,,,,,,
16,16,74042278873,74042278873,"120 Tabletas De Limpieza Con Para Ropa, Detergente Para Ropa De Algodón perfecl Pastillas de lavandería",/cuidado-de-la-ropa/proceso-de-lavado/detergentes-para-ropa/120-tabletas-de-limpieza-con-para-ropa-detergente-para-ropa-de-algodon-perfecl-pastillas-de-lavanderia_00074042278873,0,False,No Free Shipping,251.76,False,False,False,False,False,,,perfecl,,,[],/gm/3pp/asr/92d4f9cb-4e32-4627-bb6f-ecbd31f6a91a.478c11ae1560cd08d680c5149609b40f.jpeg?odnHeight=180&odnWidth=180&odnBg=ffffff,/gm/3pp/asr/92d4f9cb-4e32-4627-bb6f-ecbd31f6a91a.478c11ae1560cd08d680c5149609b40f.jpeg?odnHeight=2000&odnWidth=2000&odnBg=ffffff,,,,,,,,,,,,,,,
17,17,533827745774,533827745774,Detergente Para La Ropa Detergente Para La Ropa Productos Para La Ropa Limpiador Para Disolver La Ro ANGGREK Ocean Broad Surfboard Fins,/cuidado-de-la-ropa/proceso-de-lavado/detergentes-para-ropa/detergente-para-la-ropa-detergente-para-la-ropa-productos-para-la-ropa-limpiador-para-disolver-la-ro-anggrek-ocean-broad-surfboard-fins_00533827745774,0,False,No Free Shipping,125.87,False,False,False,False,False,,,ANGGREK,,,[],/gm/3pp/asr/77f3ae87-72fd-4406-a0a5-4ae9c42ab837.e5b25a77d5e980c0a78a88d51a42efda.jpeg?odnHeight=180&odnWidth=180&odnBg=ffffff,/gm/3pp/asr/77f3ae87-72fd-4406-a0a5-4ae9c42ab837.e5b25a77d5e980c0a78a88d51a42efda.jpeg?odnHeight=2000&odnWidth=2000&odnBg=ffffff,,,,,,,,,,,,,,,
18,18,648944491265,648944491265,Cápsulas De Detergente Detergente Para Ropa 60 UNIDS 8 G Cuentas De Lavandería 3 En 1 Cápsulas De De ANGGREK Perla de lavandería,/cuidado-de-la-ropa/proceso-de-lavado/detergentes-para-ropa/capsulas-de-detergente-detergente-para-ropa-60-unids-8-g-cuentas-de-lavanderia-3-en-1-capsulas-de-de-anggrek-perla-de-lavanderia_00648944491265,0,False,No Free Shipping,506.7,False,False,False,False,False,,,ANGGREK,,,[],/gm/3pp/asr/6a119017-79a7-4149-84ca-ab882e9c0a70.4e23f468c996d9003e8db43e96def97d.jpeg?odnHeight=180&odnWidth=180&odnBg=ffffff,/gm/3pp/asr/6a119017-79a7-4149-84ca-ab882e9c0a70.4e23f468c996d9003e8db43e96def97d.jpeg?odnHeight=2000&odnWidth=2000&odnBg=ffffff,,,,,,,,,,,,,,,
19,19,533827810571,533827810571,Detergente Para Ropa Cápsula De Perlas De Lavandería Productos De Lavandería 60PCS 8g Cápsula De Per ANGGREK Ocean Broad Surfboard Fins,/cuidado-de-la-ropa/proceso-de-lavado/detergentes-para-ropa/detergente-para-ropa-capsula-de-perlas-de-lavanderia-productos-de-lavanderia-60pcs-8g-capsula-de-per-anggrek-ocean-broad-surfboard-fins_00533827810571,0,False,No Free Shipping,460.85,False,False,False,False,False,,,ANGGREK,,,[],/gm/3pp/asr/428a4e22-b8e8-4700-a5d7-e0bcc406e36c.f4833ee965cb583b69aae4e957edaae8.jpeg?odnHeight=180&odnWidth=180&odnBg=ffffff,/gm/3pp/asr/428a4e22-b8e8-4700-a5d7-e0bcc406e36c.f4833ee965cb583b69aae4e957edaae8.jpeg?odnHeight=2000&odnWidth=2000&odnBg=ffffff,,,,,,,,,,,,,,,
20,20,73572014178,73572014178,Caja De Detergente Para Ropa Transparente Con Tapa Para Armarios Domésticos Soledad contenedor de detergente para ropa,/cuidado-de-la-ropa/proceso-de-lavado/detergentes-para-ropa/caja-de-detergente-para-ropa-transparente-con-tapa-para-armarios-domesticos-soledad-contenedor-de-detergente-para-ropa_00073572014178,0,False,No Free Shipping,247.95,False,False,False,False,False,,,Soledad,,,[],/gm/3pp/asr/03ecd265-c14f-4221-a054-d3f56700b094.b3c05c4ab1fac882dc9cae1f480c6aab.jpeg?odnHeight=180&odnWidth=180&odnBg=ffffff,/gm/3pp/asr/03ecd265-c14f-4221-a054-d3f56700b094.b3c05c4ab1fac882dc9cae1f480c6aab.jpeg?odnHeight=2000&odnWidth=2000&odnBg=ffffff,,,,,,,,,,,,,,,
21,21,633822164096,633822164096,"Contenedor De Detergente Para Ropa, Ventana En Perspectiva Contenedor De Detergente En Polvo Para Ro ANGGREK Otros",/cuidado-de-la-ropa/proceso-de-lavado/detergentes-para-ropa/contenedor-de-detergente-para-ropa-ventana-en-perspectiva-contenedor-de-detergente-en-polvo-para-ro-anggrek-otros_00633822164096,0,False,No Free Shipping,360.89,False,False,False,False,False,,,ANGGREK,,,[],/gm/3pp/asr/3c0def15-ac09-478b-9a76-710e9a6276c0.4f327308d54c5553bc3dc07c8264eafe.jpeg?odnHeight=180&odnWidth=180&odnBg=ffffff,/gm/3pp/asr/3c0def15-ac09-478b-9a76-710e9a6276c0.4f327308d54c5553bc3dc07c8264eafe.jpeg?odnHeight=2000&odnWidth=2000&odnBg=ffffff,,,,,,,,,,,,,,,
22,22,633822314668,633822314668,"Recipiente De Lata Para Ropa Con Tapa, Apariencia De Lavadora, Ventana En Perspectiva, Contenedor De ANGGREK Otros",/cuidado-del-hogar/desechables/bolsas-hermeticas-y-recipientes/recipiente-de-lata-para-ropa-con-tapa-apariencia-de-lavadora-ventana-en-perspectiva-contenedor-de-anggrek-otros_00633822314668,0,False,No Free Shipping,462.72,False,False,False,False,False,,,ANGGREK,,,[],/gm/3pp/asr/17a5aaa8-9527-45af-aff6-a88a62ee1045.416a403e10fcdf8d659d2cf7f2fa9776.jpeg?odnHeight=180&odnWidth=180&odnBg=ffffff,/gm/3pp/asr/17a5aaa8-9527-45af-aff6-a88a62ee1045.416a403e10fcdf8d659d2cf7f2fa9776.jpeg?odnHeight=2000&odnWidth=2000&odnBg=ffffff,,,,,,,,,,,,,,,
23,23,533828404038,533828404038,Contenedor De Polvo Para Ropa Caja De Almacenamiento De Polvo Para Detergente Para Ropa Contenedor D ANGGREK Decoración,/cuidado-de-la-ropa/proceso-de-lavado/detergentes-para-ropa/contenedor-de-polvo-para-ropa-caja-de-almacenamiento-de-polvo-para-detergente-para-ropa-contenedor-d-anggrek-decoracion_00533828404038,0,False,No Free Shipping,149.91,False,False,False,False,False,,,ANGGREK,,,[],/gm/3pp/asr/911218a7-752e-49f0-b796-f6020b5886b0.359202011d1f29cfc9687a2bb87fee52.jpeg?odnHeight=180&odnWidth=180&odnBg=ffffff,/gm/3pp/asr/911218a7-752e-49f0-b796-f6020b5886b0.359202011d1f29cfc9687a2bb87fee52.jpeg?odnHeight=2000&odnWidth=2000&odnBg=ffffff,,,,,,,,,,,,,,,
24,24,882989811989,882989811989,Contenedor de detergente en polvo para ropa moderno almacenamiento de polvo de detergente blanco de ANGGREK,/cuidado-de-la-ropa/proceso-de-lavado/detergentes-para-ropa/contenedor-de-detergente-en-polvo-para-ropa-moderno-almacenamiento-de-polvo-de-detergente-blanco-de-anggrek_00882989811989,0,False,No Free Shipping,353.57,False,False,False,False,False,,,ANGGREK,,,[],/gm/3pp/asr/3c0def15-ac09-478b-9a76-710e9a6276c0.4f327308d54c5553bc3dc07c8264eafe.jpeg?odnHeight=180&odnWidth=180&odnBg=ffffff,/gm/3pp/asr/3c0def15-ac09-478b-9a76-710e9a6276c0.4f327308d54c5553bc3dc07c8264eafe.jpeg?odnHeight=2000&odnWidth=2000&odnBg=ffffff,,,,,,,,,,,,,,,
25,25,68238433941,68238433941,"Contenedor de detergente para ropa, caja de arroz de cereal Caja de almacenamiento de alimentos tran Baoblaze Contenedor de detergente para ropa",/cuidado-de-la-ropa/proceso-de-lavado/detergentes-para-ropa/contenedor-de-detergente-para-ropa-caja-de-arroz-de-cereal-caja-de-almacenamiento-de-alimentos-tran-baoblaze-contenedor-de-detergente-para-ropa_00068238433941,0,False,No Free Shipping,399.25,False,False,False,False,False,,,Baoblaze,,6ND1XFVV88OZ,[],/gm/3pp/asr/67ccad98-dc59-48b9-8843-b4d68990459f.257f8bf971edd21646708c3faf34f983.jpeg?odnHeight=180&odnWidth=180&odnBg=ffffff,/gm/3pp/asr/67ccad98-dc59-48b9-8843-b4d68990459f.257f8bf971edd21646708c3faf34f983.jpeg?odnHeight=2000&odnWidth=2000&odnBg=ffffff,,,,,,,,,,,,,,,
26,26,70354867577,70354867577,Detergente para ropa vacío Blanco Botella desmontable Boca múltiple 800ml 92x222mm Zulema Botella de detergente,/accesorios-de-moda/accesorios-para-hombre/otros-accesorios-hombre/detergente-para-ropa-vacio-blanco-botella-desmontable-boca-multiple-800ml-92x222mm-zulema-botella-de-detergente_00070354867577,0,False,No Free Shipping,190.37,False,False,False,False,False,,,Zulema,,5HWJSS4CZ5SX,"[{'displayText': None, 'id': 'c8b41f19-cd5c-4f06-b931-8cd766e4f56a', 'price': None, 'smallImage': None, 'swatch': None, 'url': None}]",/gm/3pp/asr/c4b9e4cb-0087-4a49-886d-1df49fa6e784.05a619720b392e73dfe581f56600708d.jpeg?odnHeight=180&odnWidth=180&odnBg=ffffff,/gm/3pp/asr/c4b9e4cb-0087-4a49-886d-1df49fa6e784.05a619720b392e73dfe581f56600708d.jpeg?odnHeight=2000&odnWidth=2000&odnBg=ffffff,,,,,,,,,,,,,,,
27,27,72475550536,72475550536,Contenedor de detergente para ropa Dispensador Hermético De Detergente Para Ropa Dispensador De Gran Fanmusic Contenedor de detergente para ropa,/cuidado-de-la-ropa/proceso-de-lavado/detergentes-para-ropa/contenedor-de-detergente-para-ropa-dispensador-hermetico-de-detergente-para-ropa-dispensador-de-gran-fanmusic-contenedor-de-detergente-para-ropa_00072475550536,0,False,No Free Shipping,513.2,False,False,False,False,False,,,Fanmusic,,2TAS4WVIHJK6,"[{'displayText': None, 'id': 'd33a2f88-a244-41e8-9a7c-c053d8d52c29', 'price': None, 'smallImage': None, 'swatch': None, 'url': None}, {'displayText': None, 'id': 'fd9b6eba-5592-457c-ad11-fe102ed857ee', 'price': None, 'smallImage': None, 'swatch': None, 'url': None}]",/gm/3pp/asr/edf653e4-4e97-4a53-bd4c-6ff1b75147ff.b90de974dda9f157c4cb431ee958fa43.jpeg?odnHeight=180&odnWidth=180&odnBg=ffffff,/gm/3pp/asr/edf653e4-4e97-4a53-bd4c-6ff1b75147ff.b90de974dda9f157c4cb431ee958fa43.jpeg?odnHeight=2000&odnWidth=2000&odnBg=ffffff,,,,,,,,,,,,,,,
28,28,111427079855,111427079855,Dispensador de detergente por goteo para ropa herramienta de lavado plegable Ehuebsd y ajustable 2 unidades,/cuidado-de-la-ropa/proceso-de-lavado/detergentes-para-ropa/dispensador-de-detergente-por-goteo-para-ropa-herramienta-de-lavado-plegable-ehuebsd-y-ajustable-2-unidades_00111427079855,0,False,No Free Shipping,218.99,False,False,False,False,False,,,Ehuebsd,,38GOI01AK5ZR,[],/gm/3pp/asr/747a4f0d-15ce-419f-b650-59ee557e61c6.02b222c851aba8dce2bdeeced2b29cf8.jpeg?odnHeight=180&odnWidth=180&odnBg=ffffff,/gm/3pp/asr/747a4f0d-15ce-419f-b650-59ee557e61c6.02b222c851aba8dce2bdeeced2b29cf8.jpeg?odnHeight=2000&odnWidth=2000&odnBg=ffffff,,,,,,,,,,,,,,,
29,29,71589949688,71589949688,Contenedor de detergente para ropa Caja de lata de almacenamiento de polvo de detergente para Conten Magideal Contenedor de detergente para ropa,/cuidado-de-la-ropa/proceso-de-lavado/detergentes-para-ropa/contenedor-de-detergente-para-ropa-caja-de-lata-de-almacenamiento-de-polvo-de-detergente-para-conten-magideal-contenedor-de-detergente-para-ropa_00071589949688,0,False,No Free Shipping,855.73,False,False,False,False,False,,,Magideal,,1TGPXB7D00GS,"[{'displayText': None, 'id': '812e6486-76e8-406e-9d60-b7b0a8abaffb', 'price': None, 'smallImage': None, 'swatch': None, 'url': None}, {'displayText': None, 'id': '76f57403-cb4f-4ce5-b17a-b0361839b093', 'price': None, 'smallImage': None, 'swatch': None, 'url': None}]",/gm/3pp/asr/80beaabf-229d-48c5-841d-d6490dbff665.743e655eb255d5218b8582befb1fc333.jpeg?odnHeight=180&odnWidth=180&odnBg=ffffff,/gm/3pp/asr/80beaabf-229d-48c5-841d-d6490dbff665.743e655eb255d5218b8582befb1fc333.jpeg?odnHeight=2000&odnWidth=2000&odnBg=ffffff,,,,,,,,,,,,,,,
30,30,72475531918,72475531918,Contenedor de detergente para ropa Caja de lata de almacenamiento de polvo de detergente para Conten Fanmusic Contenedor de detergente para ropa,/cuidado-de-la-ropa/proceso-de-lavado/detergentes-para-ropa/contenedor-de-detergente-para-ropa-caja-de-lata-de-almacenamiento-de-polvo-de-detergente-para-conten-fanmusic-contenedor-de-detergente-para-ropa_00072475531918,0,False,No Free Shipping,990.27,False,False,False,False,False,,,Fanmusic,,2SEIUD4EIZAP,"[{'displayText': None, 'id': '91a4fb5c-6bd9-4744-95c1-280dd898f3dc', 'price': None, 'smallImage': None, 'swatch': None, 'url': None}]",/gm/3pp/asr/793ebd32-b7bf-4f5f-ac9d-96a849bf1e74.037b6f1ceaf04a0e738a2998c053bd1a.jpeg?odnHeight=180&odnWidth=180&odnBg=ffffff,/gm/3pp/asr/793ebd32-b7bf-4f5f-ac9d-96a849bf1e74.037b6f1ceaf04a0e738a2998c053bd1a.jpeg?odnHeight=2000&odnWidth=2000&odnBg=ffffff,,,,,,,,,,,,,,,
31,31,604122227996,604122227996,"Botella Dispensadora, Línea De Graduación De 1000 Ml Dispensador De Detergente Para Ropa A Prueba De ANGGREK Otros",/cuidado-de-la-ropa/proceso-de-lavado/detergentes-para-ropa/botella-dispensadora-linea-de-graduacion-de-1000-ml-dispensador-de-detergente-para-ropa-a-prueba-de-anggrek-otros_00604122227996,0,False,No Free Shipping,244.27,False,False,False,False,False,,,ANGGREK,,,[],/gm/3pp/asr/024f3d4f-b5dd-4070-9a3b-8a6b9de8d263.250d548d8bfeccebbc6ef0335fcb14c6.jpeg?odnHeight=180&odnWidth=180&odnBg=ffffff,/gm/3pp/asr/024f3d4f-b5dd-4070-9a3b-8a6b9de8d263.250d548d8bfeccebbc6ef0335fcb14c6.jpeg?odnHeight=2000&odnWidth=2000&odnBg=ffffff,,,,,,,,,,,,,,,
32,32,117206777714,117206777714,"Sywqhk Dispensador de detergente líquido 2 en 1, caja de líquido tipo prensa, estropajo, caja de esp Sywqhk Para estrenar",/cuidado-de-la-ropa/proceso-de-lavado/detergentes-para-ropa/sywqhk-dispensador-de-detergente-liquido-2-en-1-caja-de-liquido-tipo-prensa-estropajo-caja-de-esp-sywqhk-para-estrenar_00117206777714,0,False,No Free Shipping,199.39,False,False,False,False,False,,,Sywqhk,,6K2F6Y2SM0MD,[],/gm/3pp/asr/592b8609-350d-4ac6-b9c3-8173b0518214.9739f53e14e95a05a63a28a60d77ce22.jpeg?odnHeight=180&odnWidth=180&odnBg=ffffff,/gm/3pp/asr/592b8609-350d-4ac6-b9c3-8173b0518214.9739f53e14e95a05a63a28a60d77ce22.jpeg?odnHeight=2000&odnWidth=2000&odnBg=ffffff,,,,,,,,,,,,,,,
33,33,791797670025,791797670025,Detergente para manchas de sangre Ropa Transpiración Manchas de frutas Ropa interior Detergente para Leyfeng Detergente para manchas de sangre,/cuidado-de-la-ropa/proceso-de-lavado/detergentes-para-ropa/detergente-para-manchas-de-sangre-ropa-transpiracion-manchas-de-frutas-ropa-interior-detergente-para-leyfeng-detergente-para-manchas-de-sangre_00791797670025,0,False,No Free Shipping,245.98,False,False,False,False,False,,,Leyfeng,,2NDPDCIFLYZC,"[{'displayText': None, 'id': 'db679a50-57ab-46c4-92b9-59d42624fbb2', 'price': None, 'smallImage': None, 'swatch': None, 'url': None}]",/gm/3pp/asr/7aad656a-3c0c-403d-aa4c-9b84787b827b.c4ab40f0c2ea4d39a33631b01e25ff9b.jpeg?odnHeight=180&odnWidth=180&odnBg=ffffff,/gm/3pp/asr/7aad656a-3c0c-403d-aa4c-9b84787b827b.c4ab40f0c2ea4d39a33631b01e25ff9b.jpeg?odnHeight=2000&odnWidth=2000&odnBg=ffffff,,,,,,,,,,,,,,,
34,34,622204293288,622204293288,"Contenedor De Papelería, Caja De Almacenamiento De Detergente Para Ropa Simple, Multiusos, Mellow Sa ANGGREK Otros",/cuidado-de-la-ropa/proceso-de-lavado/detergentes-para-ropa/contenedor-de-papeleria-caja-de-almacenamiento-de-detergente-para-ropa-simple-multiusos-mellow-sa-anggrek-otros_00622204293288,0,False,No Free Shipping,364.23,False,False,False,False,False,,,ANGGREK,,,[],/gm/3pp/asr/d52a9606-e17b-4cc8-a980-2024521dd2e0.583a6cd25dea79036c23977d3f2e04d6.jpeg?odnHeight=180&odnWidth=180&odnBg=ffffff,/gm/3pp/asr/d52a9606-e17b-4cc8-a980-2024521dd2e0.583a6cd25dea79036c23977d3f2e04d6.jpeg?odnHeight=2000&odnWidth=2000&odnBg=ffffff,,,,,,,,,,,,,,,
35,35,73542409193,73542409193,"Contenedor de Almacenamiento de Detergente para Ropa de 6,5 L, Almacenamiento para , de Detergen Ape Soledad Contenedor de detergente para ropa",/cuidado-de-la-ropa/proceso-de-lavado/detergentes-para-ropa/contenedor-de-almacenamiento-de-detergente-para-ropa-de-6-5-l-almacenamiento-para-de-detergen-ape-soledad-contenedor-de-detergente-para-ropa_00073542409193,0,False,No Free Shipping,611.63,False,False,False,False,False,,,Soledad,,,[],/gm/3pp/asr/7ff5866c-8be5-4234-abdc-8df2ee25275e.a8185f9066b4682259275bb09679c11c.jpeg?odnHeight=180&odnWidth=180&odnBg=ffffff,/gm/3pp/asr/7ff5866c-8be5-4234-abdc-8df2ee25275e.a8185f9066b4682259275bb09679c11c.jpeg?odnHeight=2000&odnWidth=2000&odnBg=ffffff,,,,,,,,,,,,,,,
36,36,74042277236,74042277236,"de Detergente para Ropa de 5 Kg, de de Cereales con , Contenedor de Arroz , Rosado 18x155x23cm perfecl Contenedor de detergente para ropa",/cuidado-de-la-ropa/proceso-de-lavado/detergentes-para-ropa/de-detergente-para-ropa-de-5-kg-de-de-cereales-con-contenedor-de-arroz-rosado-18x155x23cm-perfecl-contenedor-de-detergente-para-ropa_00074042277236,0,False,No Free Shipping,721.7,False,False,False,False,False,,,perfecl,,,[],/gm/3pp/asr/7cbb1105-d351-40ef-bd54-591ecbeddfc3.3f4d307173e2c3862bc37cb3b7c042a3.jpeg?odnHeight=180&odnWidth=180&odnBg=ffffff,/gm/3pp/asr/7cbb1105-d351-40ef-bd54-591ecbeddfc3.3f4d307173e2c3862bc37cb3b7c042a3.jpeg?odnHeight=2000&odnWidth=2000&odnBg=ffffff,,,,,,,,,,,,,,,
37,37,63262955422,63262955422,"2 dispensadores de detergente para ropa de plástico, con taza medidora, contenedor de polvo para rop Sunnimix Contenedor de detergente para ropa",/cuidado-de-la-ropa/proceso-de-lavado/detergentes-para-ropa/2-dispensadores-de-detergente-para-ropa-de-plastico-con-taza-medidora-contenedor-de-polvo-para-rop-sunnimix-contenedor-de-detergente-para-ropa_00063262955422,0,False,No Free Shipping,697.06,False,False,False,False,False,,,Sunnimix,,,[],/gm/3pp/asr/7facc695-98da-4e43-90b6-f4ef12906c05.737fb1bcb814e53eac8742ed7d8cb377.jpeg?odnHeight=180&odnWidth=180&odnBg=ffffff,/gm/3pp/asr/7facc695-98da-4e43-90b6-f4ef12906c05.737fb1bcb814e53eac8742ed7d8cb377.jpeg?odnHeight=2000&odnWidth=2000&odnBg=ffffff,,,,,,,,,,,,,,,
38,38,9505677841,9505677841,"Detergente pa ropa vacío a prueba de , vacías, , rellenable, contenedor de de complementio, baño pa Baoblaze Botella de loción",/cocina-y-hogar/articulos-de-cocina/utensilios-de-cocina/detergente-pa-ropa-vacio-a-prueba-de-vacias-rellenable-contenedor-de-de-complementio-bano-pa-baoblaze-botella-de-locion_00009505677841,0,False,No Free Shipping,311.71,False,False,False,False,False,,,Baoblaze,,,[],/gm/3pp/asr/66c9301b-d6fe-4159-9385-d304bf76b93e.b29c5ea4ad4e65c86c135c9cbf9cb3c6.jpeg?odnHeight=180&odnWidth=180&odnBg=ffffff,/gm/3pp/asr/66c9301b-d6fe-4159-9385-d304bf76b93e.b29c5ea4ad4e65c86c135c9cbf9cb3c6.jpeg?odnHeight=2000&odnWidth=2000&odnBg=ffffff,,,,,,,,,,,,,,,
39,39,960936651688,960936651688,"Muyoka Paquete de 2 soportes para detergente para ropa, antideslizantes, recogedores de goteo de plá Muyoka Hogar",/cuidado-de-la-ropa/proceso-de-lavado/detergentes-para-ropa/muyoka-paquete-de-2-soportes-para-detergente-para-ropa-antideslizantes-recogedores-de-goteo-de-pla-muyoka-hogar_00960936651688,0,False,No Free Shipping,246.39,False,False,False,False,False,,,Muyoka,,18VBBOQL7OH5,[],/gm/3pp/asr/f8729737-5ef1-4bb2-adc2-4257f731a520.7271db2202a2f795a94a2f30c4ea14f4.jpeg?odnHeight=180&odnWidth=180&odnBg=ffffff,/gm/3pp/asr/f8729737-5ef1-4bb2-adc2-4257f731a520.7271db2202a2f795a94a2f30c4ea14f4.jpeg?odnHeight=2000&odnWidth=2000&odnBg=ffffff,,,,,,,,,,,,,,,
40,40,68972772046,68972772046,"Contenedor de detergente para ropa de hierro, organizador de alimentos para mascotas, caja de almace Baoblaze Contenedor de detergente para ropa",/cuidado-de-la-ropa/proceso-de-lavado/detergentes-para-ropa/contenedor-de-detergente-para-ropa-de-hierro-organizador-de-alimentos-para-mascotas-caja-de-almace-baoblaze-contenedor-de-detergente-para-ropa_00068972772046,0,False,No Free Shipping,816.58,False,False,False,False,False,,,Baoblaze,,6P2N4PZIVFVQ,"[{'displayText': None, 'id': '3e0cbf47-00e5-4f97-9b97-e58ffcea4cdb', 'price': None, 'smallImage': None, 'swatch': None, 'url': None}]",/gm/3pp/asr/11ce207a-12b6-46f8-b416-83d1aaf3718a.824a39d0dc8e5173013fab8be5ab873e.jpeg?odnHeight=180&odnWidth=180&odnBg=ffffff,/gm/3pp/asr/11ce207a-12b6-46f8-b416-83d1aaf3718a.824a39d0dc8e5173013fab8be5ab873e.jpeg?odnHeight=2000&odnWidth=2000&odnBg=ffffff,,,,,,,,,,,,,,,
41,41,633822307431,633822307431,"Contenedor De Lata Para Ropa Con Tapa, Contenedor De Detergente En Polvo Para Ropa Ventana De Perspe Amonsee Storage Box",/cuidado-de-la-ropa/proceso-de-lavado/detergentes-para-ropa/contenedor-de-lata-para-ropa-con-tapa-contenedor-de-detergente-en-polvo-para-ropa-ventana-de-perspe-amonsee-storage-box_00633822307431,0,False,No Free Shipping,469.06,False,False,False,False,False,,,Amonsee,,,[],/gm/3pp/asr/3f68e886-f1d5-450f-a582-624ab9822090.2377c11c4e541c8dcf4cdf08e91a4438.jpeg?odnHeight=180&odnWidth=180&odnBg=ffffff,/gm/3pp/asr/3f68e886-f1d5-450f-a582-624ab9822090.2377c11c4e541c8dcf4cdf08e91a4438.jpeg?odnHeight=2000&odnWidth=2000&odnBg=ffffff,,,,,,,,,,,,,,,
42,42,73720076134,73720076134,"Dispensador de de detergente para ropa con tapas, con taza medidora, caja mmiento de plástico líquid perfecl Contenedor de detergente para ropa",/cuidado-de-la-ropa/proceso-de-lavado/detergentes-para-ropa/dispensador-de-de-detergente-para-ropa-con-tapas-con-taza-medidora-caja-mmiento-de-plastico-liquid-perfecl-contenedor-de-detergente-para-ropa_00073720076134,0,False,No Free Shipping,433.74,False,False,False,False,False,,,perfecl,,,[],/gm/3pp/asr/b8d533b8-ed8a-476e-b61a-2487e8c7547a.600ee0be047a4100aab37131a42e7835.jpeg?odnHeight=180&odnWidth=180&odnBg=ffffff,/gm/3pp/asr/b8d533b8-ed8a-476e-b61a-2487e8c7547a.600ee0be047a4100aab37131a42e7835.jpeg?odnHeight=2000&odnWidth=2000&odnBg=ffffff,,,,,,,,,,,,,,,
43,43,74789382891,74789382891,2 Piezas Caja de Almacenamiento de Granos con Detergente en Polvo para Ropa Sunnimix Contenedor de granos de polvo de lavandería,/cuidado-de-la-ropa/proceso-de-lavado/detergentes-para-ropa/2-piezas-caja-de-almacenamiento-de-granos-con-detergente-en-polvo-para-ropa-sunnimix-contenedor-de-granos-de-polvo-de-lavanderia_00074789382891,0,False,No Free Shipping,1329.87,False,False,False,False,False,,,Sunnimix,,,[],/gm/3pp/asr/ebbc6ca4-18c3-4900-bc40-6e3e56229214.9f9518b903e5962a8d132378ec06ddc8.jpeg?odnHeight=180&odnWidth=180&odnBg=ffffff,/gm/3pp/asr/ebbc6ca4-18c3-4900-bc40-6e3e56229214.9f9518b903e5962a8d132378ec06ddc8.jpeg?odnHeight=2000&odnWidth=2000&odnBg=ffffff,,,,,,,,,,,,,,,
44,44,128591905458,128591905458,"Dispensador de detergente líquido 2 en 1, caja de líquido tipo prensa, estropajo, caja de esponja Likrtyny 3qx8nn5xy4ep4zp0",/cuidado-de-la-ropa/proceso-de-lavado/detergentes-para-ropa/dispensador-de-detergente-liquido-2-en-1-caja-de-liquido-tipo-prensa-estropajo-caja-de-esponja-likrtyny-3qx8nn5xy4ep4zp0_00128591905458,0,False,No Free Shipping,221.99,False,False,False,False,False,,,Likrtyny,,5LN2VKT9X3UP,[],/gm/3pp/asr/db2bd610-2b47-4c23-b2b1-786f7e269dd7.1e04f189be3c392436beca5f3b62a080.jpeg?odnHeight=180&odnWidth=180&odnBg=ffffff,/gm/3pp/asr/db2bd610-2b47-4c23-b2b1-786f7e269dd7.1e04f189be3c392436beca5f3b62a080.jpeg?odnHeight=2000&odnWidth=2000&odnBg=ffffff,,,,,,,,,,,,,,,
45,45,68972769197,68972769197,"Contenedor de detergente para ropa de 5 kg, de de cereales con Caja de lata para refrigerios Contene Sunnimix Contenedor de detergente para ropa",/patio-y-jardin/herramientas/herramientas-electricas/contenedor-de-detergente-para-ropa-de-5-kg-de-de-cereales-con-caja-de-lata-para-refrigerios-contene-sunnimix-contenedor-de-detergente-para-ropa_00068972769197,0,False,No Free Shipping,816.58,False,False,False,False,False,,,Sunnimix,,748CUZT5JNNK,"[{'displayText': None, 'id': 'b6b5e5de-4f73-4876-a3b6-1831723becf2', 'price': None, 'smallImage': None, 'swatch': None, 'url': None}]",/gm/3pp/asr/793ebd32-b7bf-4f5f-ac9d-96a849bf1e74.037b6f1ceaf04a0e738a2998c053bd1a.jpeg?odnHeight=180&odnWidth=180&odnBg=ffffff,/gm/3pp/asr/793ebd32-b7bf-4f5f-ac9d-96a849bf1e74.037b6f1ceaf04a0e738a2998c053bd1a.jpeg?odnHeight=2000&odnWidth=2000&odnBg=ffffff,,,,,,,,,,,,,,,
46,46,75293671632,75293671632,"s vacías de detergente para ropa de 1000ml, de almacenamiento de contenedor subemdo para champú inau Sunnimix Botella de loción",/cuidado-de-la-ropa/proceso-de-lavado/detergentes-para-ropa/s-vacias-de-detergente-para-ropa-de-1000ml-de-almacenamiento-de-contenedor-subemdo-para-champu-inau-sunnimix-botella-de-locion_00075293671632,0,False,No Free Shipping,290.84,False,False,False,False,False,,,Sunnimix,,,[],/gm/3pp/asr/68417af6-fd7c-4633-bdf7-274457fa80a9.169d9939cf94ee8f36f1efeb5fc8fbea.jpeg?odnHeight=180&odnWidth=180&odnBg=ffffff,/gm/3pp/asr/68417af6-fd7c-4633-bdf7-274457fa80a9.169d9939cf94ee8f36f1efeb5fc8fbea.jpeg?odnHeight=2000&odnWidth=2000&odnBg=ffffff,,,,,,,,,,,,,,,
47,47,65685255103,65685255103,Tapa Detergente para ropa Caja de almacenamiento en polvo Contenedor capacidad con tapa Cápsus de va Sunnimix Botella de loción,/belleza-y-cuidado-personal/cuidado-del-cabello/otros-electronicos-de-belleza/tapa-detergente-para-ropa-caja-de-almacenamiento-en-polvo-contenedor-capacidad-con-tapa-capsus-de-va-sunnimix-botella-de-locion_00065685255103,0,False,No Free Shipping,352.31,False,False,False,False,False,,,Sunnimix,,,[],/gm/3pp/asr/117cab89-e1eb-4b66-8048-183208b32326.078b51f77f443e7e9a755e3f13191c7b.jpeg?odnHeight=180&odnWidth=180&odnBg=ffffff,/gm/3pp/asr/117cab89-e1eb-4b66-8048-183208b32326.078b51f77f443e7e9a755e3f13191c7b.jpeg?odnHeight=2000&odnWidth=2000&odnBg=ffffff,,,,,,,,,,,,,,,
48,48,73566830820,73566830820,"Pastils de vandería,Detergente para ropa Detergente en polvo Cuidado ,Pastils de vandería Detergente Macarena Pastillas de lavandería",/cuidado-de-la-ropa/proceso-de-lavado/detergentes-para-ropa/pastils-de-vanderia-detergente-para-ropa-detergente-en-polvo-cuidado-pastils-de-vanderia-detergente-macarena-pastillas-de-lavanderia_00073566830820,0,False,No Free Shipping,253.78,False,False,False,False,False,,,Macarena,,,[],/gm/3pp/asr/92d4f9cb-4e32-4627-bb6f-ecbd31f6a91a.478c11ae1560cd08d680c5149609b40f.jpeg?odnHeight=180&odnWidth=180&odnBg=ffffff,/gm/3pp/asr/92d4f9cb-4e32-4627-bb6f-ecbd31f6a91a.478c11ae1560cd08d680c5149609b40f.jpeg?odnHeight=2000&odnWidth=2000&odnBg=ffffff,,,,,,,,,,,,,,,
49,49,64516048261,64516048261,2x Detergente para Ropa Vacío a Prueba de Vacías Reutilizable Recargable de Suplementario Contenedor Soledad Botella de loción,/temporada/navidad/colecciones-no-usar/2x-detergente-para-ropa-vacio-a-prueba-de-vacias-reutilizable-recargable-de-suplementario-contenedor-soledad-botella-de-locion_00064516048261,0,False,No Free Shipping,418.85,False,False,False,False,False,,,Soledad,,,[],/gm/3pp/asr/66c9301b-d6fe-4159-9385-d304bf76b93e.b29c5ea4ad4e65c86c135c9cbf9cb3c6.jpeg?odnHeight=180&odnWidth=180&odnBg=ffffff,/gm/3pp/asr/66c9301b-d6fe-4159-9385-d304bf76b93e.b29c5ea4ad4e65c86c135c9cbf9cb3c6.jpeg?odnHeight=2000&odnWidth=2000&odnBg=ffffff,,,,,,,,,,,,,,,
50,0,750228804011,750228804011,Detergente en tiras Neopure Strips 0.85gr,/cuidado-de-la-ropa/proceso-de-lavado/jabon-de-lavanderia/detergente-en-tiras-neopure-strips-0-85gr_00750228804011,0,False,No Free Shipping,147.0,False,False,False,False,False,,,Neopure Strips,,,[],/gm/1p/images/product-images/img_small/00750228804011s.jpg,/gm/1p/images/product-images/img_large/00750228804011l.jpg,,,,,,,,,,,,,,,
51,1,750102600567,750102600567,Jabón Zote en barra rosa 400 g,/d/fl-sin-categorizar/fl-sin-categorizar/jabon-zote-en-barra-rosa-400-g_00750102600567,0,False,No Free Shipping,16.0,False,False,False,False,False,,,Zote,,,[],/images/product-images/img_small/00750102600567s.jpg,/images/product-images/img_large/00750102600567L.jpg,,,,,,,,,,,,,,,
52,2,8654712682,8654712682,"Mini tabla de lavar para lavar ropa a mano, antideslizante con de jabón, tabla de fregado para acces Baoblaze tabla de lavar",/linea-blanca/lavadoras-y-secadoras/accesorios-de-lavanderia/mini-tabla-de-lavar-para-lavar-ropa-a-mano-antideslizante-con-de-jabon-tabla-de-fregado-para-acces-baoblaze-tabla-de-lavar_00008654712682,0,False,No Free Shipping,262.14,False,False,False,False,False,,,Baoblaze,,5A8AVYL0500M,"[{'displayText': None, 'id': '4b771da4-aae2-49c8-a0b1-952acfea158b', 'price': None, 'smallImage': None, 'swatch': None, 'url': None}, {'displayText': None, 'id': '24281d71-af60-4370-88e4-1970199ce996', 'price': None, 'smallImage': None, 'swatch': None, 'url': None}]",/gm/3pp/asr/58b2ba76-ef75-404b-9b29-aa9c41ce849c.f4797fc52c93fb4b7b5e6b42c2342e3a.jpeg?odnHeight=180&odnWidth=180&odnBg=ffffff,/gm/3pp/asr/58b2ba76-ef75-404b-9b29-aa9c41ce849c.f4797fc52c93fb4b7b5e6b42c2342e3a.jpeg?odnHeight=2000&odnWidth=2000&odnBg=ffffff,,,,,,,,,,,,,,,
53,3,63354228699,63354228699,de jabón de cocina con soporte de esponja para encimera de baño Esponjas Cepillos de Cepillos de y e Macarena Dispensador de jabón para platos,/cuidado-de-la-ropa/proceso-de-lavado/jabon-de-lavanderia/de-jabon-de-cocina-con-soporte-de-esponja-para-encimera-de-bano-esponjas-cepillos-de-cepillos-de-y-e-macarena-dispensador-de-jabon-para-platos_00063354228699,0,False,No Free Shipping,461.31,False,False,False,False,False,,,Macarena,,,[],/gm/3pp/asr/26d05de5-702f-4a3a-a7cb-5c590aa10830.26f6ecea8218991f196b157a6340a36e.jpeg?odnHeight=180&odnWidth=180&odnBg=ffffff,/gm/3pp/asr/26d05de5-702f-4a3a-a7cb-5c590aa10830.26f6ecea8218991f196b157a6340a36e.jpeg?odnHeight=2000&odnWidth=2000&odnBg=ffffff,,,,,,,,,,,,,,,
54,4,8654712921,8654712921,"Tab de para ropa interior, tab dispensador de jabón, tab de para accesorios de baño, Drom doméstico Sunnimix tabla de lavar",/linea-blanca/lavadoras-y-secadoras/accesorios-de-lavanderia/tab-de-para-ropa-interior-tab-dispensador-de-jabon-tab-de-para-accesorios-de-bano-drom-domestico-sunnimix-tabla-de-lavar_00008654712921,0,False,No Free Shipping,262.14,False,False,False,False,False,,,Sunnimix,,299KL5LM5JGM,"[{'displayText': None, 'id': '33b415d2-5411-4e49-af02-cb474143aa58', 'price': None, 'smallImage': None, 'swatch': None, 'url': None}, {'displayText': None, 'id': '9b20087d-4e04-4348-b9ab-77eb10b3660b', 'price': None, 'smallImage': None, 'swatch': None, 'url': None}]",/gm/3pp/asr/da873084-ca0b-4554-a69e-67952819c08e.89adac3a1e830f0b13da18bacce2ddca.jpeg?odnHeight=180&odnWidth=180&odnBg=ffffff,/gm/3pp/asr/da873084-ca0b-4554-a69e-67952819c08e.89adac3a1e830f0b13da18bacce2ddca.jpeg?odnHeight=2000&odnWidth=2000&odnBg=ffffff,,,,,,,,,,,,,,,
55,5,68973318143,68973318143,"Avión RC de espuma , avión de ala fija RC Juguetes voladores Equilibrio automático 35 Fighter, RC Fi Baoblaze Aviones RC",/cuidado-de-la-ropa/proceso-de-lavado/jabon-de-lavanderia/avion-rc-de-espuma-avion-de-ala-fija-rc-juguetes-voladores-equilibrio-automatico-35-fighter-rc-fi-baoblaze-aviones-rc_00068973318143,0,False,No Free Shipping,729.04,False,False,False,False,False,,,Baoblaze,,2Q9P1JYNSU5Y,"[{'displayText': None, 'id': '272cd71b-3e47-489a-8faf-395959d0223e', 'price': None, 'smallImage': None, 'swatch': None, 'url': None}]",/gm/3pp/asr/26ac52da-47b1-4685-8d93-08b694bff3e5.59d168d96f26e36776935e2d4e70e58f.jpeg?odnHeight=180&odnWidth=180&odnBg=ffffff,/gm/3pp/asr/26ac52da-47b1-4685-8d93-08b694bff3e5.59d168d96f26e36776935e2d4e70e58f.jpeg?odnHeight=2000&odnWidth=2000&odnBg=ffffff,,,,,,,,,,,,,,,
56,6,75312381682,75312381682,Cepillo de Limpieza Dispensador de Jabón Portátil Agregar Líquido Ropa Automática Zapatos Cepillo de Sunnimix cepillo de limpieza,/cuidado-de-la-ropa/proceso-de-lavado/jabon-de-lavanderia/cepillo-de-limpieza-dispensador-de-jabon-portatil-agregar-liquido-ropa-automatica-zapatos-cepillo-de-sunnimix-cepillo-de-limpieza_00075312381682,0,False,No Free Shipping,153.68,False,False,False,False,False,,,Sunnimix,,1UMOPZ5H8O6D,"[{'displayText': None, 'id': 'f8ecb8a4-0ee0-43e0-94de-1b83ae42c889', 'price': None, 'smallImage': None, 'swatch': None, 'url': None}, {'displayText': None, 'id': 'beec1597-abad-47b8-ac57-3351db278231', 'price': None, 'smallImage': None, 'swatch': None, 'url': None}]",/gm/3pp/asr/00a93112-2299-427a-976c-c72f6f249703.d92cdabf8244b34dd31865a2ebf76b5c.jpeg?odnHeight=180&odnWidth=180&odnBg=ffffff,/gm/3pp/asr/00a93112-2299-427a-976c-c72f6f249703.d92cdabf8244b34dd31865a2ebf76b5c.jpeg?odnHeight=2000&odnWidth=2000&odnBg=ffffff,,,,,,,,,,,,,,,
57,7,948577161791,948577161791,"Platos De Acero, Dispensador De Jabón, Juego De Almacenamiento De Cepillos De Acero, Estropajo, Freg Kearding HA045974-01",/cuidado-de-la-ropa/proceso-de-lavado/jabon-de-lavanderia/platos-de-acero-dispensador-de-jabon-juego-de-almacenamiento-de-cepillos-de-acero-estropajo-freg-kearding-ha045974-01_00948577161791,0,False,No Free Shipping,178.55,False,False,False,False,False,,,Kearding,,4UMSCS6H8ZME,"[{'displayText': None, 'id': 'd96d060a-29e8-437c-9c61-2ea18d8b732d', 'price': None, 'smallImage': None, 'swatch': None, 'url': None}]",/gm/3pp/asr/d07545c0-edda-4783-a316-9ccd399c1449.ff61beacacab2199edf6030bca25ee7f.jpeg?odnHeight=180&odnWidth=180&odnBg=ffffff,/gm/3pp/asr/d07545c0-edda-4783-a316-9ccd399c1449.ff61beacacab2199edf6030bca25ee7f.jpeg?odnHeight=2000&odnWidth=2000&odnBg=ffffff,,,,,,,,,,,,,,,
58,8,948995547521,948995547521,Caja De Drenaje Caja De Jabón De Doble Capa Concisa Materiales Ecológicos Diseño Empotrado Esponja C Advancent HA027099-02,/cuidado-de-la-ropa/proceso-de-lavado/jabon-de-lavanderia/caja-de-drenaje-caja-de-jabon-de-doble-capa-concisa-materiales-ecologicos-diseno-empotrado-esponja-c-advancent-ha027099-02_00948995547521,0,False,No Free Shipping,214.55,False,False,False,False,False,,,Advancent,,6UX8F29Y6KW8,"[{'displayText': None, 'id': '24b2cacf-a5f2-4c16-b651-7edecc3bfb39', 'price': None, 'smallImage': None, 'swatch': None, 'url': None}, {'displayText': None, 'id': '06ac475e-b6b0-4192-8b3b-69ab05ce5441', 'price': None, 'smallImage': None, 'swatch': None, 'url': None}]",/gm/3pp/asr/ef6da745-8ab1-410f-946e-540b4b36e0b0.d30bf5f29ba90b9028ab4d7da89aad62.jpeg?odnHeight=180&odnWidth=180&odnBg=ffffff,/gm/3pp/asr/ef6da745-8ab1-410f-946e-540b4b36e0b0.d30bf5f29ba90b9028ab4d7da89aad62.jpeg?odnHeight=2000&odnWidth=2000&odnBg=ffffff,,,,,,,,,,,,,,,
59,9,903661785357,903661785357,"Platos De Acero, Dispensador De Jabón, Juego De Almacenamiento De Cepillos De Acero, Estropajo, Freg Minnieouse HA045974-02",/cuidado-de-la-ropa/proceso-de-lavado/jabon-de-lavanderia/platos-de-acero-dispensador-de-jabon-juego-de-almacenamiento-de-cepillos-de-acero-estropajo-freg-minnieouse-ha045974-02_00903661785357,0,False,No Free Shipping,210.05,False,False,False,False,False,,,Minnieouse,,6J4996UUF05F,"[{'displayText': None, 'id': 'c6b54825-063f-4e43-8e12-0df203e00f92', 'price': None, 'smallImage': None, 'swatch': None, 'url': None}]",/gm/3pp/asr/fce1cf9b-c466-4924-8e94-298786620e8d.62304ab8df5fe65ee5ea3106ba8d89a5.jpeg?odnHeight=180&odnWidth=180&odnBg=ffffff,/gm/3pp/asr/fce1cf9b-c466-4924-8e94-298786620e8d.62304ab8df5fe65ee5ea3106ba8d89a5.jpeg?odnHeight=2000&odnWidth=2000&odnBg=ffffff,,,,,,,,,,,,,,,
60,10,75312383042,75312383042,Cepillo de limpieza dispensador de jabón portátil Agregar líquido Ropa automática Zapatos Cepillo de perfecl cepillo de limpieza,/cuidado-de-la-ropa/proceso-de-lavado/jabon-de-lavanderia/cepillo-de-limpieza-dispensador-de-jabon-portatil-agregar-liquido-ropa-automatica-zapatos-cepillo-de-perfecl-cepillo-de-limpieza_00075312383042,0,False,No Free Shipping,153.68,False,False,False,False,False,,,perfecl,,4VF2VP1ZTMHZ,"[{'displayText': None, 'id': '7a4577b7-7944-4dda-85fa-b6cd3415ec5e', 'price': None, 'smallImage': None, 'swatch': None, 'url': None}, {'displayText': None, 'id': '9fc3f724-b5ca-4618-b413-f05da61069e6', 'price': None, 'smallImage': None, 'swatch': None, 'url': None}]",/gm/3pp/asr/76487078-cb52-4e62-8bd5-e7dd14f52fb1.f17de0094d44b2278d3ad496aa70052c.jpeg?odnHeight=180&odnWidth=180&odnBg=ffffff,/gm/3pp/asr/76487078-cb52-4e62-8bd5-e7dd14f52fb1.f17de0094d44b2278d3ad496aa70052c.jpeg?odnHeight=2000&odnWidth=2000&odnBg=ffffff,,,,,,,,,,,,,,,
61,11,910350491107,910350491107,Caja De Drenaje Caja De Jabón De Doble Capa Concisa Materiales Ecológicos Diseño Empotrado Esponja C Minnieouse HA027099-03,/cuidado-de-la-ropa/proceso-de-lavado/jabon-de-lavanderia/caja-de-drenaje-caja-de-jabon-de-doble-capa-concisa-materiales-ecologicos-diseno-empotrado-esponja-c-minnieouse-ha027099-03_00910350491107,0,False,No Free Shipping,214.55,False,False,False,False,False,,,Minnieouse,,5X2C7BOXF4X0,"[{'displayText': None, 'id': 'a8912b72-b764-4016-92b8-b3e0f538344a', 'price': None, 'smallImage': None, 'swatch': None, 'url': None}, {'displayText': None, 'id': 'a61fb190-be70-4fe3-97c8-b13d547e3a1e', 'price': None, 'smallImage': None, 'swatch': None, 'url': None}]",/gm/3pp/asr/94561186-e5c0-49c2-9b6d-e31c80de69aa.b52f89ee0eeb2f618d971f39c2d95a9d.jpeg?odnHeight=180&odnWidth=180&odnBg=ffffff,/gm/3pp/asr/94561186-e5c0-49c2-9b6d-e31c80de69aa.b52f89ee0eeb2f618d971f39c2d95a9d.jpeg?odnHeight=2000&odnWidth=2000&odnBg=ffffff,,,,,,,,,,,,,,,
62,12,946784632545,946784632545,"Platos De Acero, Dispensador De Jabón, Juego De Almacenamiento De Cepillos De Acero, Estropajo, Freg Guardurnaity HA045974-02",/cuidado-de-la-ropa/proceso-de-lavado/jabon-de-lavanderia/platos-de-acero-dispensador-de-jabon-juego-de-almacenamiento-de-cepillos-de-acero-estropajo-freg-guardurnaity-ha045974-02_00946784632545,0,False,No Free Shipping,306.35,False,False,False,False,False,,,Guardurnaity,,7JXDEOH6PEGW,"[{'displayText': None, 'id': 'c4cdb852-8ba1-4033-8083-ed4deeb6c08e', 'price': None, 'smallImage': None, 'swatch': None, 'url': None}]",/gm/3pp/asr/fce1cf9b-c466-4924-8e94-298786620e8d.62304ab8df5fe65ee5ea3106ba8d89a5.jpeg?odnHeight=180&odnWidth=180&odnBg=ffffff,/gm/3pp/asr/fce1cf9b-c466-4924-8e94-298786620e8d.62304ab8df5fe65ee5ea3106ba8d89a5.jpeg?odnHeight=2000&odnWidth=2000&odnBg=ffffff,,,,,,,,,,,,,,,
63,13,930996872528,930996872528,"Platos De Acero, Dispensador De Jabón, Juego De Almacenamiento De Cepillos De Acero, Estropajo, Freg Yuarrent HA045974-02",/cuidado-de-la-ropa/proceso-de-lavado/jabon-de-lavanderia/platos-de-acero-dispensador-de-jabon-juego-de-almacenamiento-de-cepillos-de-acero-estropajo-freg-yuarrent-ha045974-02_00930996872528,0,False,No Free Shipping,306.35,False,False,False,False,False,,,Yuarrent,,5MDPXDGHOOCJ,"[{'displayText': None, 'id': '5cd85ea0-bef3-4d6b-8cbb-655e2da0dafa', 'price': None, 'smallImage': None, 'swatch': None, 'url': None}]",/gm/3pp/asr/fce1cf9b-c466-4924-8e94-298786620e8d.62304ab8df5fe65ee5ea3106ba8d89a5.jpeg?odnHeight=180&odnWidth=180&odnBg=ffffff,/gm/3pp/asr/fce1cf9b-c466-4924-8e94-298786620e8d.62304ab8df5fe65ee5ea3106ba8d89a5.jpeg?odnHeight=2000&odnWidth=2000&odnBg=ffffff,,,,,,,,,,,,,,,
64,14,901708094897,901708094897,"Platos De Acero, Dispensador De Jabón, Juego De Almacenamiento De Cepillos De Acero, Estropajo, Freg Cateissary HA045974-02",/cuidado-de-la-ropa/proceso-de-lavado/jabon-de-lavanderia/platos-de-acero-dispensador-de-jabon-juego-de-almacenamiento-de-cepillos-de-acero-estropajo-freg-cateissary-ha045974-02_00901708094897,0,False,No Free Shipping,210.05,False,False,False,False,False,,,Cateissary,,68REGZ9DMLQD,"[{'displayText': None, 'id': '7f86dc5f-d79a-4dbc-b36b-61050cf66fab', 'price': None, 'smallImage': None, 'swatch': None, 'url': None}]",/gm/3pp/asr/fce1cf9b-c466-4924-8e94-298786620e8d.62304ab8df5fe65ee5ea3106ba8d89a5.jpeg?odnHeight=180&odnWidth=180&odnBg=ffffff,/gm/3pp/asr/fce1cf9b-c466-4924-8e94-298786620e8d.62304ab8df5fe65ee5ea3106ba8d89a5.jpeg?odnHeight=2000&odnWidth=2000&odnBg=ffffff,,,,,,,,,,,,,,,
65,15,71811651635,71811651635,Tabla de de manos espesar con soporte de jabón ropa de  antideslizante de plástico Azul Gloria tabla de lavar,/cuidado-de-la-ropa/proceso-de-lavado/jabon-de-lavanderia/tabla-de-de-manos-espesar-con-soporte-de-jabon-ropa-de-antideslizante-de-plastico-azul-gloria-tabla-de-lavar_00071811651635,0,False,No Free Shipping,263.17,False,False,False,False,False,,,Gloria,,3WLUL891QM13,"[{'displayText': None, 'id': 'e92b5e2f-f201-4b59-8616-8eb3c65d25fc', 'price': None, 'smallImage': None, 'swatch': None, 'url': None}, {'displayText': None, 'id': '2509547e-0b88-43fa-a345-4f22d0d4cc01', 'price': None, 'smallImage': None, 'swatch': None, 'url': None}]",/gm/3pp/asr/da873084-ca0b-4554-a69e-67952819c08e.89adac3a1e830f0b13da18bacce2ddca.jpeg?odnHeight=180&odnWidth=180&odnBg=ffffff,/gm/3pp/asr/da873084-ca0b-4554-a69e-67952819c08e.89adac3a1e830f0b13da18bacce2ddca.jpeg?odnHeight=2000&odnWidth=2000&odnBg=ffffff,,,,,,,,,,,,,,,
66,16,936763661527,936763661527,Caja De Drenaje Caja De Jabón De Doble Capa Concisa Materiales Ecológicos Diseño Empotrado Esponja C Moyic HA027099-03,/cuidado-de-la-ropa/proceso-de-lavado/jabon-de-lavanderia/caja-de-drenaje-caja-de-jabon-de-doble-capa-concisa-materiales-ecologicos-diseno-empotrado-esponja-c-moyic-ha027099-03_00936763661527,0,False,No Free Shipping,214.55,False,False,False,False,False,,,Moyic,,795RSH0V0JTU,"[{'displayText': None, 'id': '4388ea0d-9ddc-4e4d-8159-7c861f7368ad', 'price': None, 'smallImage': None, 'swatch': None, 'url': None}, {'displayText': None, 'id': '85e466ca-8081-4d56-b382-5b89d7f40540', 'price': None, 'smallImage': None, 'swatch': None, 'url': None}]",/gm/3pp/asr/94561186-e5c0-49c2-9b6d-e31c80de69aa.b52f89ee0eeb2f618d971f39c2d95a9d.jpeg?odnHeight=180&odnWidth=180&odnBg=ffffff,/gm/3pp/asr/94561186-e5c0-49c2-9b6d-e31c80de69aa.b52f89ee0eeb2f618d971f39c2d95a9d.jpeg?odnHeight=2000&odnWidth=2000&odnBg=ffffff,,,,,,,,,,,,,,,
67,17,936763646477,936763646477,"Platos De Acero, Dispensador De Jabón, Juego De Almacenamiento De Cepillos De Acero, Estropajo, Freg Moyic HA045974-01",/cuidado-de-la-ropa/proceso-de-lavado/jabon-de-lavanderia/platos-de-acero-dispensador-de-jabon-juego-de-almacenamiento-de-cepillos-de-acero-estropajo-freg-moyic-ha045974-01_00936763646477,0,False,No Free Shipping,178.55,False,False,False,False,False,,,Moyic,,,[],/gm/3pp/asr/d07545c0-edda-4783-a316-9ccd399c1449.ff61beacacab2199edf6030bca25ee7f.jpeg?odnHeight=180&odnWidth=180&odnBg=ffffff,/gm/3pp/asr/d07545c0-edda-4783-a316-9ccd399c1449.ff61beacacab2199edf6030bca25ee7f.jpeg?odnHeight=2000&odnWidth=2000&odnBg=ffffff,,,,,,,,,,,,,,,
68,18,66371478349,66371478349,"Pelo Baloncesto Hinchable para Niños, Peloportiva para Interiores Y Exteriores, Perro Mascota, Jugue Baoblaze Juguete de bolas hinchables",/cuidado-de-la-ropa/proceso-de-lavado/jabon-de-lavanderia/pelo-baloncesto-hinchable-para-ninos-peloportiva-para-interiores-y-exteriores-perro-mascota-jugue-baoblaze-juguete-de-bolas-hinchables_00066371478349,0,False,No Free Shipping,215.48,False,False,False,False,False,,,Baoblaze,,38WXE3PWVG5E,"[{'displayText': None, 'id': 'd61f258e-b433-4b58-b81d-3517b657ec7b', 'price': None, 'smallImage': None, 'swatch': None, 'url': None}, {'displayText': None, 'id': '7e08d881-92cf-44f2-aded-8a3667d20fce', 'price': None, 'smallImage': None, 'swatch': None, 'url': None}, {'displayText': None, 'id': '87878b5c-318d-40e0-8150-214bdad2e28c', 'price': None, 'smallImage': None, 'swatch': None, 'url': None}]",/gm/3pp/asr/59d0fa9a-4119-4c09-9cd3-6069d0a8bc77.cd8b34edb261d8818d2ed95b932bd221.jpeg?odnHeight=180&odnWidth=180&odnBg=ffffff,/gm/3pp/asr/59d0fa9a-4119-4c09-9cd3-6069d0a8bc77.cd8b34edb261d8818d2ed95b932bd221.jpeg?odnHeight=2000&odnWidth=2000&odnBg=ffffff,,,,,,,,,,,,,,,
69,19,74391019357,74391019357,"Tabla de lavado de manos con dispensador de jabón, ropa de lavado a mano, tabla de lavar, calcetines Sunnimix tabla de lavar",/cuidado-de-la-ropa/proceso-de-lavado/jabon-de-lavanderia/tabla-de-lavado-de-manos-con-dispensador-de-jabon-ropa-de-lavado-a-mano-tabla-de-lavar-calcetines-sunnimix-tabla-de-lavar_00074391019357,0,False,No Free Shipping,216.0,False,False,False,False,False,,,Sunnimix,,7C3I3581WFIE,"[{'displayText': None, 'id': '998be8d1-f61f-4576-9585-95d937097f2a', 'price': None, 'smallImage': None, 'swatch': None, 'url': None}, {'displayText': None, 'id': 'eecf797c-3ea7-4bf4-8572-bb7f55eda472', 'price': None, 'smallImage': None, 'swatch': None, 'url': None}, {'displayText': None, 'id': 'a946fe52-5bd7-4ecd-9950-3b36f09662f1', 'price': None, 'smallImage': None, 'swatch': None, 'url': None}]",/gm/3pp/asr/4594e89f-5928-4635-b521-d38720afce3b.767d930111a779af1731c82f51455da4.jpeg?odnHeight=180&odnWidth=180&odnBg=ffffff,/gm/3pp/asr/4594e89f-5928-4635-b521-d38720afce3b.767d930111a779af1731c82f51455da4.jpeg?odnHeight=2000&odnWidth=2000&odnBg=ffffff,,,,,,,,,,,,,,,
70,20,74087623836,74087623836,Silicona Decoración Bricoje Ocasión Boda Cumpleaños Ropa Proyectos Resina Cabochon Polimérica Jabón BLESIY Moldes para hacer joyas,/cuidado-de-la-ropa/proceso-de-lavado/jabon-de-lavanderia/silicona-decoracion-bricoje-ocasion-boda-cumpleanos-ropa-proyectos-resina-cabochon-polimerica-jabon-blesiy-moldes-para-hacer-joyas_00074087623836,0,False,No Free Shipping,157.41,False,False,False,False,False,,,BLESIY,,,[],/gm/3pp/asr/4912eb7b-e315-4382-ab4a-517817f5119b.df80890c8e3c4569a350fd3f2d995f88.jpeg?odnHeight=180&odnWidth=180&odnBg=ffffff,/gm/3pp/asr/4912eb7b-e315-4382-ab4a-517817f5119b.df80890c8e3c4569a350fd3f2d995f88.jpeg?odnHeight=2000&odnWidth=2000&odnBg=ffffff,,,,,,,,,,,,,,,
71,21,73566811934,73566811934,"Cepillo para fregar Cerdas densas Lavado suave, de jabón Cepillo de limpieza hidráulico duradero mul Sunnimix Cepillo de limpieza hidráulico",/cuidado-de-la-ropa/proceso-de-lavado/jabon-de-lavanderia/cepillo-para-fregar-cerdas-densas-lavado-suave-de-jabon-cepillo-de-limpieza-hidraulico-duradero-mul-sunnimix-cepillo-de-limpieza-hidraulico_00073566811934,0,False,No Free Shipping,201.46,False,False,False,False,False,,,Sunnimix,,1XGBWDL63WRR,"[{'displayText': None, 'id': 'b9147424-ac37-47df-88aa-3cdee0afc75f', 'price': None, 'smallImage': None, 'swatch': None, 'url': None}]",/gm/3pp/asr/5dec833d-0a4c-41e0-b865-79745d96a2ad.9a3db38e257a058e1e748d21dbe2d2dc.jpeg?odnHeight=180&odnWidth=180&odnBg=ffffff,/gm/3pp/asr/5dec833d-0a4c-41e0-b865-79745d96a2ad.9a3db38e257a058e1e748d21dbe2d2dc.jpeg?odnHeight=2000&odnWidth=2000&odnBg=ffffff,,,,,,,,,,,,,,,
72,22,75079934973,75079934973,"Mini tabla de lavado, calcetines, herramienta de limpieza de ropa con soporte para jabón, tabla de l Soledad tabla de lavar",/cuidado-de-la-ropa/proceso-de-lavado/jabon-de-lavanderia/mini-tabla-de-lavado-calcetines-herramienta-de-limpieza-de-ropa-con-soporte-para-jabon-tabla-de-l-soledad-tabla-de-lavar_00075079934973,0,False,No Free Shipping,216.0,False,False,False,False,False,,,Soledad,,3KY52IHHTTKH,"[{'displayText': None, 'id': 'ec0457cf-b28c-4c09-8ab3-f70f1ecff0b6', 'price': None, 'smallImage': None, 'swatch': None, 'url': None}, {'displayText': None, 'id': '04c565d7-bd70-4574-a358-0b39e5942ea2', 'price': None, 'smallImage': None, 'swatch': None, 'url': None}, {'displayText': None, 'id': '54a44857-0b0f-4d7b-b7cd-fbb609d05c39', 'price': None, 'smallImage': None, 'swatch': None, 'url': None}]",/gm/3pp/asr/78a14c79-a663-4958-b3bd-f82494f3367c.a8c4c6a601052f4e03d66f4928a8e887.jpeg?odnHeight=180&odnWidth=180&odnBg=ffffff,/gm/3pp/asr/78a14c79-a663-4958-b3bd-f82494f3367c.a8c4c6a601052f4e03d66f4928a8e887.jpeg?odnHeight=2000&odnWidth=2000&odnBg=ffffff,,,,,,,,,,,,,,,
73,23,905625578996,905625578996,Caja De Drenaje Caja De Jabón De Doble Capa Concisa Materiales Ecológicos Diseño Empotrado Esponja C Speravity HA027099-03,/cuidado-de-la-ropa/proceso-de-lavado/jabon-de-lavanderia/caja-de-drenaje-caja-de-jabon-de-doble-capa-concisa-materiales-ecologicos-diseno-empotrado-esponja-c-speravity-ha027099-03_00905625578996,0,False,No Free Shipping,214.55,False,False,False,False,False,,,Speravity,,17IGUO6WUVBS,"[{'displayText': None, 'id': '05219f2f-e696-4d85-922d-4d0155bff9e0', 'price': None, 'smallImage': None, 'swatch': None, 'url': None}, {'displayText': None, 'id': '20cb20e7-fd84-42f8-b89d-a41834efac81', 'price': None, 'smallImage': None, 'swatch': None, 'url': None}]",/gm/3pp/asr/94561186-e5c0-49c2-9b6d-e31c80de69aa.b52f89ee0eeb2f618d971f39c2d95a9d.jpeg?odnHeight=180&odnWidth=180&odnBg=ffffff,/gm/3pp/asr/94561186-e5c0-49c2-9b6d-e31c80de69aa.b52f89ee0eeb2f618d971f39c2d95a9d.jpeg?odnHeight=2000&odnWidth=2000&odnBg=ffffff,,,,,,,,,,,,,,,
74,24,936072615029,936072615029,"Platos De Acero, Dispensador De Jabón, Juego De Almacenamiento De Cepillos De Acero, Estropajo, Freg Vogacara HA045974-02",/cuidado-de-la-ropa/proceso-de-lavado/jabon-de-lavanderia/platos-de-acero-dispensador-de-jabon-juego-de-almacenamiento-de-cepillos-de-acero-estropajo-freg-vogacara-ha045974-02_00936072615029,0,False,No Free Shipping,306.35,False,False,False,False,False,,,Vogacara,,4UT0WSCREAHJ,"[{'displayText': None, 'id': 'f242a5a6-3c60-405d-80d2-edcd99c8485a', 'price': None, 'smallImage': None, 'swatch': None, 'url': None}]",/gm/3pp/asr/fce1cf9b-c466-4924-8e94-298786620e8d.62304ab8df5fe65ee5ea3106ba8d89a5.jpeg?odnHeight=180&odnWidth=180&odnBg=ffffff,/gm/3pp/asr/fce1cf9b-c466-4924-8e94-298786620e8d.62304ab8df5fe65ee5ea3106ba8d89a5.jpeg?odnHeight=2000&odnWidth=2000&odnBg=ffffff,,,,,,,,,,,,,,,
75,25,68974605942,68974605942,"Sello de Cera de Sellado Clásico , Mango de Madera, Moneda, Sello de Metal, Cartas , Decoraciones, D Baoblaze Sello de Cera",/cuidado-de-la-ropa/proceso-de-lavado/jabon-de-lavanderia/sello-de-cera-de-sellado-clasico-mango-de-madera-moneda-sello-de-metal-cartas-decoraciones-d-baoblaze-sello-de-cera_00068974605942,0,False,No Free Shipping,170.9,False,False,False,False,False,,,Baoblaze,,,[],/gm/3pp/asr/db566a71-cb68-49a7-ad59-520c4a5e0afb.9257603d5852ad7b378887888de6ce0f.jpeg?odnHeight=180&odnWidth=180&odnBg=ffffff,/gm/3pp/asr/db566a71-cb68-49a7-ad59-520c4a5e0afb.9257603d5852ad7b378887888de6ce0f.jpeg?odnHeight=2000&odnWidth=2000&odnBg=ffffff,,,,,,,,,,,,,,,
76,26,75533820322,75533820322,2 piezas Detergentes para la ropa Portavasos Accesorio Gadget Jabón Lavandería Baño sin fugas o Deso Macarena Porta detergente para ropa,/cuidado-de-la-ropa/proceso-de-lavado/jabon-de-lavanderia/2-piezas-detergentes-para-la-ropa-portavasos-accesorio-gadget-jabon-lavanderia-bano-sin-fugas-o-deso-macarena-porta-detergente-para-ropa_00075533820322,0,False,No Free Shipping,266.34,False,False,False,False,False,,,Macarena,,,[],/gm/3pp/asr/72e15cfd-ebc0-4c2a-b080-1489e7edd9d6.c210d07a4c020bdc34c6521428dc7ba0.jpeg?odnHeight=180&odnWidth=180&odnBg=ffffff,/gm/3pp/asr/72e15cfd-ebc0-4c2a-b080-1489e7edd9d6.c210d07a4c020bdc34c6521428dc7ba0.jpeg?odnHeight=2000&odnWidth=2000&odnBg=ffffff,,,,,,,,,,,,,,,
77,27,904135814370,904135814370,Caja De Drenaje Caja De Jabón De Doble Capa Concisa Materiales Ecológicos Diseño Empotrado Esponja C Sweethay HA027099-03,/cuidado-de-la-ropa/proceso-de-lavado/jabon-de-lavanderia/caja-de-drenaje-caja-de-jabon-de-doble-capa-concisa-materiales-ecologicos-diseno-empotrado-esponja-c-sweethay-ha027099-03_00904135814370,0,False,No Free Shipping,252.76,False,False,False,False,False,,,Sweethay,,1JVJSGSBHZA3,"[{'displayText': None, 'id': '120a7ab9-30f6-4d71-91a0-2ae2a9cb052a', 'price': None, 'smallImage': None, 'swatch': None, 'url': None}]",/gm/3pp/asr/94561186-e5c0-49c2-9b6d-e31c80de69aa.b52f89ee0eeb2f618d971f39c2d95a9d.jpeg?odnHeight=180&odnWidth=180&odnBg=ffffff,/gm/3pp/asr/94561186-e5c0-49c2-9b6d-e31c80de69aa.b52f89ee0eeb2f618d971f39c2d95a9d.jpeg?odnHeight=2000&odnWidth=2000&odnBg=ffffff,,,,,,,,,,,,,,,
78,28,946739919162,946739919162,Caja De Drenaje Caja De Jabón De Doble Capa Concisa Materiales Ecológicos Diseño Empotrado Esponja C matsuzay HA027099-03,/cuidado-de-la-ropa/proceso-de-lavado/jabon-de-lavanderia/caja-de-drenaje-caja-de-jabon-de-doble-capa-concisa-materiales-ecologicos-diseno-empotrado-esponja-c-matsuzay-ha027099-03_00946739919162,0,False,No Free Shipping,252.76,False,False,False,False,False,,,matsuzay,,2O1EM90TAK90,"[{'displayText': None, 'id': '1b6ebc22-9d7e-4a42-a0db-0747b5e03b8f', 'price': None, 'smallImage': None, 'swatch': None, 'url': None}, {'displayText': None, 'id': 'b11c6612-af05-41a2-bd02-9ed60f70fe5a', 'price': None, 'smallImage': None, 'swatch': None, 'url': None}]",/gm/3pp/asr/94561186-e5c0-49c2-9b6d-e31c80de69aa.b52f89ee0eeb2f618d971f39c2d95a9d.jpeg?odnHeight=180&odnWidth=180&odnBg=ffffff,/gm/3pp/asr/94561186-e5c0-49c2-9b6d-e31c80de69aa.b52f89ee0eeb2f618d971f39c2d95a9d.jpeg?odnHeight=2000&odnWidth=2000&odnBg=ffffff,,,,,,,,,,,,,,,
79,29,936739897429,936739897429,"Platos De Acero, Dispensador De Jabón, Juego De Almacenamiento De Cepillos De Acero, Estropajo, Fregador De Ollas, Esponja De Metal, Cepillo De Limpieza De Cocina Para El Hogar Sweethay HA045974-01",/cuidado-de-la-ropa/proceso-de-lavado/jabon-de-lavanderia/platos-de-acero-dispensador-de-jabon-juego-de-almacenamiento-de-cepillos-de-acero-estropajo-fregador-de-ollas-esponja-de-metal-cepillo-de-limpieza-de-cocina-para-el-hogar-sweethay-ha045974-01_00936739897429,0,False,No Free Shipping,178.55,False,False,False,False,False,,,Sweethay,,4L6FQE7HIE1D,"[{'displayText': None, 'id': 'b3003708-0e5a-41cc-a6c8-c809ec693b68', 'price': None, 'smallImage': None, 'swatch': None, 'url': None}]",/gm/3pp/asr/d07545c0-edda-4783-a316-9ccd399c1449.ff61beacacab2199edf6030bca25ee7f.jpeg?odnHeight=180&odnWidth=180&odnBg=ffffff,/gm/3pp/asr/d07545c0-edda-4783-a316-9ccd399c1449.ff61beacacab2199edf6030bca25ee7f.jpeg?odnHeight=2000&odnWidth=2000&odnBg=ffffff,,,,,,,,,,,,,,,
80,30,75458785477,75458785477,Cepillo de Limpieza Herramienta de Lavado de Cocina Lavandería Limpiador de Ropa Dispensador de Jabó Sunnimix cepillo de limpieza del hogar,/cuidado-de-la-ropa/proceso-de-lavado/jabon-de-lavanderia/cepillo-de-limpieza-herramienta-de-lavado-de-cocina-lavanderia-limpiador-de-ropa-dispensador-de-jabo-sunnimix-cepillo-de-limpieza-del-hogar_00075458785477,0,False,No Free Shipping,155.57,False,False,False,False,False,,,Sunnimix,,6UZXLS7G8LFT,"[{'displayText': None, 'id': '09f55065-1e2c-4e05-9b56-537da7eb4e6b', 'price': None, 'smallImage': None, 'swatch': None, 'url': None}, {'displayText': None, 'id': '7ddbd0f4-8ca9-4085-a890-6422bb15dbd5', 'price': None, 'smallImage': None, 'swatch': None, 'url': None}]",/gm/3pp/asr/83045587-0f87-40d3-863b-8ca859a52995.878544345a64ae2ac474385d8a571d01.jpeg?odnHeight=180&odnWidth=180&odnBg=ffffff,/gm/3pp/asr/83045587-0f87-40d3-863b-8ca859a52995.878544345a64ae2ac474385d8a571d01.jpeg?odnHeight=2000&odnWidth=2000&odnBg=ffffff,,,,,,,,,,,,,,,
81,31,68974585155,68974585155,"Tapiz con Impresión pa Ped en 3D, Serie Windbell, Cubierta de Toal de Pya, Imágenes, Mural, Decoraci Baoblaze Tapiz tapiz 3D",/cuidado-de-la-ropa/proceso-de-lavado/jabon-de-lavanderia/tapiz-con-impresion-pa-ped-en-3d-serie-windbell-cubierta-de-toal-de-pya-imagenes-mural-decoraci-baoblaze-tapiz-tapiz-3d_00068974585155,0,False,No Free Shipping,427.04,False,False,False,False,False,,,Baoblaze,,3M2CH7COGBM0,"[{'displayText': None, 'id': 'a0d6d599-d742-4a81-aed5-15f511a50421', 'price': None, 'smallImage': None, 'swatch': None, 'url': None}, {'displayText': None, 'id': '89546ffb-11cc-4b04-aeee-b593207209b3', 'price': None, 'smallImage': None, 'swatch': None, 'url': None}, {'displayText': None, 'id': '876b16a1-681a-4578-83af-58a2ddec9948', 'price': None, 'smallImage': None, 'swatch': None, 'url': None}, {'displayText': None, 'id': 'c1fa14be-1eff-4195-b9bd-8bffb5b83561', 'price': None, 'smallImage': None, 'swatch': None, 'url': None}, {'displayText': None, 'id': 'c9dc6b27-aa9d-4ee8-8afd-7b5067eeedf1', 'price': None, 'smallImage': None, 'swatch': None, 'url': None}, {'displayText': None, 'id': 'ef27a94b-9b0b-4ccb-a8a6-0ae58aa7ee91', 'price': None, 'smallImage': None, 'swatch': None, 'url': None}, {'displayText': None, 'id': 'c366749b-4ff2-49f7-9dd1-bf3d88de26f8', 'price': None, 'smallImage': None, 'swatch': None, 'url': None}, {'displayText': None, 'id': 'c7aae7e9-271f-4a82-86c4-a3fe7a2543c9', 'price': None, 'smallImage': None, 'swatch': None, 'url': None}, {'displayText': None, 'id': '7283d2c7-dd8f-48c1-a025-cdbc314b24af', 'price': None, 'smallImage': None, 'swatch': None, 'url': None}, {'displayText': None, 'id': '68579752-d781-44e7-b37c-1301b38da216', 'price': None, 'smallImage': None, 'swatch': None, 'url': None}, {'displayText': None, 'id': '0470faea-7048-4363-9816-1b97049601ec', 'price': None, 'smallImage': None, 'swatch': None, 'url': None}]",/gm/3pp/asr/e6d6b99c-b8bc-4033-923b-9aa4b18bcd67.90aadd5c1bc19ceb9a913dae41f75565.jpeg?odnHeight=180&odnWidth=180&odnBg=ffffff,/gm/3pp/asr/e6d6b99c-b8bc-4033-923b-9aa4b18bcd67.90aadd5c1bc19ceb9a913dae41f75565.jpeg?odnHeight=2000&odnWidth=2000&odnBg=ffffff,,,,,,,,,,,,,,,
82,32,977853624265,977853624265,Caja De Drenaje Caja De Jabón De Doble Capa Concisa Materiales Ecológicos Diseño Empotrado Esponja C Guardurnaity HA027099-02,/cuidado-de-la-ropa/proceso-de-lavado/jabon-de-lavanderia/caja-de-drenaje-caja-de-jabon-de-doble-capa-concisa-materiales-ecologicos-diseno-empotrado-esponja-c-guardurnaity-ha027099-02_00977853624265,0,False,No Free Shipping,252.76,False,False,False,False,False,,,Guardurnaity,,1N2N20OA355H,"[{'displayText': None, 'id': '7eb36be8-229f-4637-a9ec-866af10571f7', 'price': None, 'smallImage': None, 'swatch': None, 'url': None}, {'displayText': None, 'id': 'fab45384-d809-41cd-a43d-ee1f9fd18abc', 'price': None, 'smallImage': None, 'swatch': None, 'url': None}]",/gm/3pp/asr/ef6da745-8ab1-410f-946e-540b4b36e0b0.d30bf5f29ba90b9028ab4d7da89aad62.jpeg?odnHeight=180&odnWidth=180&odnBg=ffffff,/gm/3pp/asr/ef6da745-8ab1-410f-946e-540b4b36e0b0.d30bf5f29ba90b9028ab4d7da89aad62.jpeg?odnHeight=2000&odnWidth=2000&odnBg=ffffff,,,,,,,,,,,,,,,
83,33,910639955004,910639955004,"Platos De Acero, Dispensador De Jabón, Juego De Almacenamiento De Cepillos De Acero, Estropajo, Freg Speravity HA045974-02",/cuidado-de-la-ropa/proceso-de-lavado/jabon-de-lavanderia/platos-de-acero-dispensador-de-jabon-juego-de-almacenamiento-de-cepillos-de-acero-estropajo-freg-speravity-ha045974-02_00910639955004,0,False,No Free Shipping,210.05,False,False,False,False,False,,,Speravity,,4DQ76998H9W7,"[{'displayText': None, 'id': '47a0859f-35ec-4d4e-8146-ea53a93b4f97', 'price': None, 'smallImage': None, 'swatch': None, 'url': None}]",/gm/3pp/asr/fce1cf9b-c466-4924-8e94-298786620e8d.62304ab8df5fe65ee5ea3106ba8d89a5.jpeg?odnHeight=180&odnWidth=180&odnBg=ffffff,/gm/3pp/asr/fce1cf9b-c466-4924-8e94-298786620e8d.62304ab8df5fe65ee5ea3106ba8d89a5.jpeg?odnHeight=2000&odnWidth=2000&odnBg=ffffff,,,,,,,,,,,,,,,
84,34,68974603982,68974603982,El Vaso Plástico -poly Mano de DIY Juega Los Juguetes Del Interés Baoblaze Juguete Roly Poly,/cuidado-de-la-ropa/proceso-de-lavado/jabon-de-lavanderia/el-vaso-plastico-poly-mano-de-diy-juega-los-juguetes-del-interes-baoblaze-juguete-roly-poly_00068974603982,0,False,No Free Shipping,144.9,False,False,False,False,False,,,Baoblaze,,,[],/gm/3pp/asr/6c7c590e-409f-4347-979b-99cdd1a25aa2.da624a4aa397ba8d2fcaae37da076487.jpeg?odnHeight=180&odnWidth=180&odnBg=ffffff,/gm/3pp/asr/6c7c590e-409f-4347-979b-99cdd1a25aa2.da624a4aa397ba8d2fcaae37da076487.jpeg?odnHeight=2000&odnWidth=2000&odnBg=ffffff,,,,,,,,,,,,,,,
85,35,61772053252,61772053252,de de manos Espesar con soporte de jabón Plástico antideslizante mano Ropa de fregado para vandería Macarena tabla de lavar,/cuidado-de-la-ropa/proceso-de-lavado/jabon-de-lavanderia/de-de-manos-espesar-con-soporte-de-jabon-plastico-antideslizante-mano-ropa-de-fregado-para-vanderia-macarena-tabla-de-lavar_00061772053252,0,False,No Free Shipping,262.14,False,False,False,False,False,,,Macarena,,5LONPUEGIYQU,"[{'displayText': None, 'id': 'dbd96fc6-3edd-4c07-994a-81e9ab4c3bb2', 'price': None, 'smallImage': None, 'swatch': None, 'url': None}, {'displayText': None, 'id': '4eed06d3-4112-41bc-8d21-a5d4f8e5fcd1', 'price': None, 'smallImage': None, 'swatch': None, 'url': None}]",/gm/3pp/asr/d6e4a99b-89ed-43e9-bda3-d8926ba65964.d70da0c20b6a5730692197137ed7194c.jpeg?odnHeight=180&odnWidth=180&odnBg=ffffff,/gm/3pp/asr/d6e4a99b-89ed-43e9-bda3-d8926ba65964.d70da0c20b6a5730692197137ed7194c.jpeg?odnHeight=2000&odnWidth=2000&odnBg=ffffff,,,,,,,,,,,,,,,
86,36,75289792867,75289792867,Irfora Lavandería Barra de jabón Fragancia floral Jabón de lavado Quitamanchas Artículos para el hog Irfora Jabón,/cuidado-de-la-ropa/proceso-de-lavado/jabon-de-lavanderia/irfora-lavanderia-barra-de-jabon-fragancia-floral-jabon-de-lavado-quitamanchas-articulos-para-el-hog-irfora-jabon_00075289792867,0,False,No Free Shipping,148.71,False,False,False,False,False,,,Irfora,,,[],/gm/3pp/asr/9d430f4e-099b-4b2a-86ab-eaa27c7ea672.a8581721e66cdc34f6b5c1cd831702dc.jpeg?odnHeight=180&odnWidth=180&odnBg=ffffff,/gm/3pp/asr/9d430f4e-099b-4b2a-86ab-eaa27c7ea672.a8581721e66cdc34f6b5c1cd831702dc.jpeg?odnHeight=2000&odnWidth=2000&odnBg=ffffff,,,,,,,,,,,,,,,
87,37,75312382243,75312382243,"Cepillo de limpieza dispensador de jabón portátil, mango ergonómico suave multifuncional para añadir Soledad cepillo de limpieza",/cuidado-de-la-ropa/proceso-de-lavado/jabon-de-lavanderia/cepillo-de-limpieza-dispensador-de-jabon-portatil-mango-ergonomico-suave-multifuncional-para-anadir-soledad-cepillo-de-limpieza_00075312382243,0,False,No Free Shipping,153.68,False,False,False,False,False,,,Soledad,,3ZFI0M7WY682,"[{'displayText': None, 'id': 'e3f40ad5-3be6-43af-ad17-b82301b96874', 'price': None, 'smallImage': None, 'swatch': None, 'url': None}, {'displayText': None, 'id': '931c8eb3-6558-46d5-9635-b63712dacce0', 'price': None, 'smallImage': None, 'swatch': None, 'url': None}]",/gm/3pp/asr/f98a125e-9d57-4b9b-9b95-71b4b0bb0b33.f79e35779d3ee068d42ae2fbadf1b2a5.jpeg?odnHeight=180&odnWidth=180&odnBg=ffffff,/gm/3pp/asr/f98a125e-9d57-4b9b-9b95-71b4b0bb0b33.f79e35779d3ee068d42ae2fbadf1b2a5.jpeg?odnHeight=2000&odnWidth=2000&odnBg=ffffff,,,,,,,,,,,,,,,
88,38,74391012922,74391012922,"Tabla de lavado de manos con dispensador de jabón, ropa de lavado a mano, tabla de lavar, calcetines Gloria tabla de lavar",/cuidado-de-la-ropa/proceso-de-lavado/jabon-de-lavanderia/tabla-de-lavado-de-manos-con-dispensador-de-jabon-ropa-de-lavado-a-mano-tabla-de-lavar-calcetines-gloria-tabla-de-lavar_00074391012922,0,False,No Free Shipping,219.96,False,False,False,False,False,,,Gloria,,4ISVJEBSVZ9J,"[{'displayText': None, 'id': '3141eeda-51bb-4f9d-a9ef-253cda6a547d', 'price': None, 'smallImage': None, 'swatch': None, 'url': None}, {'displayText': None, 'id': '7c3df02d-4abc-4592-b514-56c07d6f4920', 'price': None, 'smallImage': None, 'swatch': None, 'url': None}, {'displayText': None, 'id': 'bd18464f-524e-4621-99cb-cd9921616659', 'price': None, 'smallImage': None, 'swatch': None, 'url': None}]",/gm/3pp/asr/78a14c79-a663-4958-b3bd-f82494f3367c.a8c4c6a601052f4e03d66f4928a8e887.jpeg?odnHeight=180&odnWidth=180&odnBg=ffffff,/gm/3pp/asr/78a14c79-a663-4958-b3bd-f82494f3367c.a8c4c6a601052f4e03d66f4928a8e887.jpeg?odnHeight=2000&odnWidth=2000&odnBg=ffffff,,,,,,,,,,,,,,,
89,39,593978609349,593978609349,"Soporte Para Detergente Para Ropa, Soporte Para Taza De Detergente, Recogegotas, Bandeja Para Jabón, ANGGREK Descripción de la referencia",/cuidado-de-la-ropa/proceso-de-lavado/jabon-de-lavanderia/soporte-para-detergente-para-ropa-soporte-para-taza-de-detergente-recogegotas-bandeja-para-jabon-anggrek-descripcion-de-la-referencia_00593978609349,0,False,No Free Shipping,249.53,False,False,False,False,False,,,ANGGREK,,,[],/gm/3pp/asr/85084ebd-ade6-4b0f-88ab-51fffb76ca7b.38556db4d2c68eda3186973fffeae682.jpeg?odnHeight=180&odnWidth=180&odnBg=ffffff,/gm/3pp/asr/85084ebd-ade6-4b0f-88ab-51fffb76ca7b.38556db4d2c68eda3186973fffeae682.jpeg?odnHeight=2000&odnWidth=2000&odnBg=ffffff,,,,,,,,,,,,,,,
90,40,73566804954,73566804954,"Cepillo de , suave, de jabón, cerdas densas multifunción, cepillo de limpieza hidráulico para zapato Gloria Cepillo de limpieza hidráulico",/cuidado-de-la-ropa/proceso-de-lavado/jabon-de-lavanderia/cepillo-de-suave-de-jabon-cerdas-densas-multifuncion-cepillo-de-limpieza-hidraulico-para-zapato-gloria-cepillo-de-limpieza-hidraulico_00073566804954,0,False,No Free Shipping,205.16,False,False,False,False,False,,,Gloria,,4XL1MN74CPER,"[{'displayText': None, 'id': '3449650b-8b64-451b-92aa-6080cf05045b', 'price': None, 'smallImage': None, 'swatch': None, 'url': None}]",/gm/3pp/asr/5dec833d-0a4c-41e0-b865-79745d96a2ad.9a3db38e257a058e1e748d21dbe2d2dc.jpeg?odnHeight=180&odnWidth=180&odnBg=ffffff,/gm/3pp/asr/5dec833d-0a4c-41e0-b865-79745d96a2ad.9a3db38e257a058e1e748d21dbe2d2dc.jpeg?odnHeight=2000&odnWidth=2000&odnBg=ffffff,,,,,,,,,,,,,,,
91,41,900088380784,900088380784,"Platos De Acero, Dispensador De Jabón, Juego De Almacenamiento De Cepillos De Acero, Estropajo, Freg Scienceny HA045974-01",/cuidado-de-la-ropa/proceso-de-lavado/jabon-de-lavanderia/platos-de-acero-dispensador-de-jabon-juego-de-almacenamiento-de-cepillos-de-acero-estropajo-freg-scienceny-ha045974-01_00900088380784,0,False,No Free Shipping,218.58,False,False,False,False,False,,,Scienceny,,6MD6L3Y5WEX0,"[{'displayText': None, 'id': 'a86b25ea-b0d6-4177-b3c6-5eb505590320', 'price': None, 'smallImage': None, 'swatch': None, 'url': None}]",/gm/3pp/asr/d07545c0-edda-4783-a316-9ccd399c1449.ff61beacacab2199edf6030bca25ee7f.jpeg?odnHeight=180&odnWidth=180&odnBg=ffffff,/gm/3pp/asr/d07545c0-edda-4783-a316-9ccd399c1449.ff61beacacab2199edf6030bca25ee7f.jpeg?odnHeight=2000&odnWidth=2000&odnBg=ffffff,,,,,,,,,,,,,,,
92,42,910206513386,910206513386,Caja De Drenaje Caja De Jabón De Doble Capa Concisa Materiales Ecológicos Diseño Empotrado Esponja C Monstrate HA027099-03,/cuidado-de-la-ropa/proceso-de-lavado/jabon-de-lavanderia/caja-de-drenaje-caja-de-jabon-de-doble-capa-concisa-materiales-ecologicos-diseno-empotrado-esponja-c-monstrate-ha027099-03_00910206513386,0,False,No Free Shipping,214.55,False,False,False,False,False,,,Monstrate,,54JZ7YAQIMVD,"[{'displayText': None, 'id': 'b8832c80-3d55-4b48-84a4-57ec33120ff0', 'price': None, 'smallImage': None, 'swatch': None, 'url': None}, {'displayText': None, 'id': 'd91a59d5-d546-4780-8055-61c7da69e505', 'price': None, 'smallImage': None, 'swatch': None, 'url': None}]",/gm/3pp/asr/94561186-e5c0-49c2-9b6d-e31c80de69aa.b52f89ee0eeb2f618d971f39c2d95a9d.jpeg?odnHeight=180&odnWidth=180&odnBg=ffffff,/gm/3pp/asr/94561186-e5c0-49c2-9b6d-e31c80de69aa.b52f89ee0eeb2f618d971f39c2d95a9d.jpeg?odnHeight=2000&odnWidth=2000&odnBg=ffffff,,,,,,,,,,,,,,,
93,43,73740059928,73740059928,"Cepillo para fregar, cerdas densas de jabón portátil Lavado multifunción suave Cepillo de limpieza h perfecl Cepillo de limpieza hidráulico",/cuidado-de-la-ropa/proceso-de-lavado/jabon-de-lavanderia/cepillo-para-fregar-cerdas-densas-de-jabon-portatil-lavado-multifuncion-suave-cepillo-de-limpieza-h-perfecl-cepillo-de-limpieza-hidraulico_00073740059928,0,False,No Free Shipping,200.41,False,False,False,False,False,,,perfecl,,51YW0BZ1LS7O,"[{'displayText': None, 'id': '1d570d4b-bd7d-411c-a7e3-cb96efd7c9be', 'price': None, 'smallImage': None, 'swatch': None, 'url': None}]",/gm/3pp/asr/84e30cd6-d3ee-478f-be9e-492809ad4698.492fb01f61ae240d30d4c858af17a288.jpeg?odnHeight=180&odnWidth=180&odnBg=ffffff,/gm/3pp/asr/84e30cd6-d3ee-478f-be9e-492809ad4698.492fb01f61ae240d30d4c858af17a288.jpeg?odnHeight=2000&odnWidth=2000&odnBg=ffffff,,,,,,,,,,,,,,,
94,44,900088326229,900088326229,Caja De Drenaje Caja De Jabón De Doble Capa Concisa Materiales Ecológicos Diseño Empotrado Esponja C Methold HA027099-02,/cuidado-de-la-ropa/proceso-de-lavado/jabon-de-lavanderia/caja-de-drenaje-caja-de-jabon-de-doble-capa-concisa-materiales-ecologicos-diseno-empotrado-esponja-c-methold-ha027099-02_00900088326229,0,False,No Free Shipping,203.82,False,False,False,False,False,,,Methold,,11COFGT67LU8,"[{'displayText': None, 'id': '3aaa2266-1aa8-4135-b937-b5940a031ea9', 'price': None, 'smallImage': None, 'swatch': None, 'url': None}, {'displayText': None, 'id': '7abbca47-df32-45bf-b9bc-8be49e8bd06b', 'price': None, 'smallImage': None, 'swatch': None, 'url': None}]",/gm/3pp/asr/ef6da745-8ab1-410f-946e-540b4b36e0b0.d30bf5f29ba90b9028ab4d7da89aad62.jpeg?odnHeight=180&odnWidth=180&odnBg=ffffff,/gm/3pp/asr/ef6da745-8ab1-410f-946e-540b4b36e0b0.d30bf5f29ba90b9028ab4d7da89aad62.jpeg?odnHeight=2000&odnWidth=2000&odnBg=ffffff,,,,,,,,,,,,,,,
95,45,75312382270,75312382270,Dispensador de Jabón Portátil Cepillo de Limpieza Mango Ergonómico Lavandería Cepillo de Fregado Aut Baoblaze cepillo de limpieza,/cuidado-de-la-ropa/proceso-de-lavado/jabon-de-lavanderia/dispensador-de-jabon-portatil-cepillo-de-limpieza-mango-ergonomico-lavanderia-cepillo-de-fregado-aut-baoblaze-cepillo-de-limpieza_00075312382270,0,False,No Free Shipping,153.68,False,False,False,False,False,,,Baoblaze,,5N9MJ0QH95K5,"[{'displayText': None, 'id': '73808481-0b41-4a7c-9a69-abe6d4d60829', 'price': None, 'smallImage': None, 'swatch': None, 'url': None}, {'displayText': None, 'id': 'b9176bff-1244-4015-a0ff-2e92afeaaed9', 'price': None, 'smallImage': None, 'swatch': None, 'url': None}]",/gm/3pp/asr/f98a125e-9d57-4b9b-9b95-71b4b0bb0b33.f79e35779d3ee068d42ae2fbadf1b2a5.jpeg?odnHeight=180&odnWidth=180&odnBg=ffffff,/gm/3pp/asr/f98a125e-9d57-4b9b-9b95-71b4b0bb0b33.f79e35779d3ee068d42ae2fbadf1b2a5.jpeg?odnHeight=2000&odnWidth=2000&odnBg=ffffff,,,,,,,,,,,,,,,
96,46,64578993919,64578993919,"20 Piezas De Accesorios Para Freidora De Aire, Soporte Para De , Hogar, Cocina Macarena Reemplazo de la freidora de aire",/cuidado-de-la-ropa/proceso-de-lavado/jabon-de-lavanderia/20-piezas-de-accesorios-para-freidora-de-aire-soporte-para-de-hogar-cocina-macarena-reemplazo-de-la-freidora-de-aire_00064578993919,0,False,No Free Shipping,1453.48,False,False,False,False,False,,,Macarena,,,[],/gm/3pp/asr/5a361593-39a9-40a3-b698-add1d9847bff.12c42533108211a731598b1def1537f7.jpeg?odnHeight=180&odnWidth=180&odnBg=ffffff,/gm/3pp/asr/5a361593-39a9-40a3-b698-add1d9847bff.12c42533108211a731598b1def1537f7.jpeg?odnHeight=2000&odnWidth=2000&odnBg=ffffff,,,,,,,,,,,,,,,
97,47,900088310893,900088310893,"Platos De Acero, Dispensador De Jabón, Juego De Almacenamiento De Cepillos De Acero, Estropajo, Freg Methold HA045974-02",/cuidado-de-la-ropa/proceso-de-lavado/jabon-de-lavanderia/platos-de-acero-dispensador-de-jabon-juego-de-almacenamiento-de-cepillos-de-acero-estropajo-freg-methold-ha045974-02_00900088310893,0,False,No Free Shipping,210.05,False,False,False,False,False,,,Methold,,6HSPBJ47YGPX,"[{'displayText': None, 'id': '354e4746-7742-48e4-975e-81199a1ac0df', 'price': None, 'smallImage': None, 'swatch': None, 'url': None}]",/gm/3pp/asr/fce1cf9b-c466-4924-8e94-298786620e8d.62304ab8df5fe65ee5ea3106ba8d89a5.jpeg?odnHeight=180&odnWidth=180&odnBg=ffffff,/gm/3pp/asr/fce1cf9b-c466-4924-8e94-298786620e8d.62304ab8df5fe65ee5ea3106ba8d89a5.jpeg?odnHeight=2000&odnWidth=2000&odnBg=ffffff,,,,,,,,,,,,,,,
98,48,68974603533,68974603533,"Cadenas oscilantes de 1,5 m / 1,8 m de longitud para juegos de árboles | de de revestido de hierro d Baoblaze Cadena Columpio",/cuidado-de-la-ropa/proceso-de-lavado/jabon-de-lavanderia/cadenas-oscilantes-de-1-5-m-1-8-m-de-longitud-para-juegos-de-arboles-de-de-revestido-de-hierro-d-baoblaze-cadena-columpio_00068974603533,0,False,No Free Shipping,594.66,False,False,False,False,False,,,Baoblaze,,,[],/gm/3pp/asr/72837506-96d0-43f8-9033-f256882032de.b16e8cdb83f74cc6436472e81bf93064.jpeg?odnHeight=180&odnWidth=180&odnBg=ffffff,/gm/3pp/asr/72837506-96d0-43f8-9033-f256882032de.b16e8cdb83f74cc6436472e81bf93064.jpeg?odnHeight=2000&odnWidth=2000&odnBg=ffffff,,,,,,,,,,,,,,,
99,49,900088396122,900088396122,Caja De Drenaje Caja De Jabón De Doble Capa Concisa Materiales Ecológicos Diseño Empotrado Esponja C Scienceny HA027099-03,/cuidado-de-la-ropa/proceso-de-lavado/jabon-de-lavanderia/caja-de-drenaje-caja-de-jabon-de-doble-capa-concisa-materiales-ecologicos-diseno-empotrado-esponja-c-scienceny-ha027099-03_00900088396122,0,False,No Free Shipping,193.63,False,False,False,False,False,,,Scienceny,,6N9FFV2UQWG4,"[{'displayText': None, 'id': 'bde2239e-23f0-4eca-8d52-7bc259f4bb12', 'price': None, 'smallImage': None, 'swatch': None, 'url': None}, {'displayText': None, 'id': '1aa4ade4-f1e9-498b-8618-b035b6a36a71', 'price': None, 'smallImage': None, 'swatch': None, 'url': None}]",/gm/3pp/asr/94561186-e5c0-49c2-9b6d-e31c80de69aa.b52f89ee0eeb2f618d971f39c2d95a9d.jpeg?odnHeight=180&odnWidth=180&odnBg=ffffff,/gm/3pp/asr/94561186-e5c0-49c2-9b6d-e31c80de69aa.b52f89ee0eeb2f618d971f39c2d95a9d.jpeg?odnHeight=2000&odnWidth=2000&odnBg=ffffff,,,,,,,,,,,,,,,
100,50,60502090000,60502090000,"2 juegos de coches con globos, juguetes educativos, bomba de globo Manual para niños y niñas Zulema Lanzador de juguetes",/cuidado-de-la-ropa/proceso-de-lavado/jabon-de-lavanderia/2-juegos-de-coches-con-globos-juguetes-educativos-bomba-de-globo-manual-para-ninos-y-ninas-zulema-lanzador-de-juguetes_00060502090000,0,False,No Free Shipping,445.65,False,False,False,False,False,,,Zulema,,,[],/gm/3pp/asr/62b64386-292c-45c8-9b44-e10a4ad6e924.2e4c831f300266afa3c3584b37cd0c60.jpeg?odnHeight=180&odnWidth=180&odnBg=ffffff,/gm/3pp/asr/62b64386-292c-45c8-9b44-e10a4ad6e924.2e4c831f300266afa3c3584b37cd0c60.jpeg?odnHeight=2000&odnWidth=2000&odnBg=ffffff,,,,,,,,,,,,,,,
